region,ad_id,is_success,is_sever
US,AD07HHL8W8,yes,
US,AD00098RV8,yes,
US,AD08QSK8CY,yes,
US,AD0888WDG6,yes,
US,AD079VP6DH,yes,
US,AD08CKH89Q,yes,
US,AD08GPDV8Y,yes,
US,AD078F8RWV,yes,
US,AD07QXMP9H,no,True
US,AD0888ZQCX,yes,
US,AD008UUIQF,yes,
US,AD07YNZ886,yes,
US,AD00QKAICV,yes,
US,AD00CXSO8I,no,True
US,AD00OO77L6,no,True
US,AD07QKNTWG,yes,
US,AD00C8PEC8,yes,
US,AD0008VU08,yes,
US,AD00TH8MM9,yes,
US,AD077SDG8K,yes,
US,AD08HXH8FG,yes,
US,AD07MTZ8G8,yes,
US,AD079V67FW,yes,
US,AD0009X89W,yes,
US,AD07MXQXHY,yes,
US,AD000088YO,yes,
US,AD008VDV88,yes,
US,AD0879NKIV,yes,
US,AD08NAPQ8Q,yes,
US,AD08JQLR8P,yes,
US,AD00LX8CLK,no,False
US,AD07W8KHTG,yes,
US,AD078JZ8Z8,yes,
US,AD077LJT8F,yes,
US,AD08Q79QNK,yes,
US,AD07LFJ9S7,yes,
US,AD07D8NS8N,yes,
US,AD07X8LJVK,yes,
US,AD08Z8H8JS,yes,
US,AD07XD866J,yes,
US,AD00OLSAVD,yes,
US,AD07CZG69Q,yes,
US,AD0799CH8Z,yes,
US,AD00FU6PDL,yes,
US,AD08LN6SP0,yes,
US,AD00KPVMWW,yes,
US,AD088E8RZA,yes,
US,AD00KAWSJU,yes,
US,AD089QRGDH,yes,
US,AD00Y8MP8G,yes,
US,AD00NXGQ7Q,yes,
US,AD008UEKH9,yes,
US,AD088SXRRL,yes,
US,AD08N0DSRJ,yes,
US,AD088L8SLD,yes,
US,AD077VHCMR,yes,
US,AD098TQT88,yes,
US,AD096TRS89,no,True
US,AD008R9887,no,True
US,AD07FF9SS8,no,False
US,AD08N6P68M,yes,
US,AD0777WX96,yes,
US,AD0088R888,yes,
US,AD08N89QEN,yes,
US,AD088SWE8D,yes,
US,AD07HJVHKV,yes,
US,AD07KFS8KR,yes,
US,AD0786Q88T,yes,
US,AD08MYUAGQ,yes,
US,AD00M9ZNZI,yes,
US,AD08IG8JH9,yes,
US,AD08LZSZ8J,yes,
US,AD07KNFKHX,no,True
US,AD008YIP97,yes,
US,AD008RVFSF,yes,
US,AD0787GVPM,yes,
US,AD07R688KS,yes,
US,AD00JWKDF6,yes,
US,AD008ZZIWZ,yes,
US,AD0776HZ86,yes,
US,AD098FNRN8,yes,
US,AD086ZPDFE,yes,
US,AD08PQM8ML,yes,
US,AD087XWDZ8,yes,
US,AD07SZLKQJ,yes,
US,AD008V8XTI,yes,
US,AD000D0RT0,yes,
US,AD07XQNJLH,yes,
US,AD00MUYXV8,yes,
US,AD08888MC7,yes,
US,AD0787N8XG,yes,
US,AD008JIU88,yes,
US,AD008MHHAW,yes,
US,AD07Z7FSHL,yes,
US,AD07Q8KFC7,yes,
US,AD07D87PQG,yes,
US,AD07SV89J8,yes,
US,AD07Q7T6VC,yes,
US,AD0078GNUJ,yes,
US,AD0788RNKZ,no,False
US,AD00OXLP6H,yes,
US,AD08QZP7WF,yes,
US,AD09C87D8H,yes,
US,AD08CMQ8CH,yes,
US,AD07VNGQRG,yes,
US,AD008S88WX,yes,
US,AD07G8MVSW,yes,
US,AD0988Z86X,no,True
US,AD078YV878,yes,
US,AD008I8XMG,yes,
US,AD008ULL8N,yes,
US,AD008HG9ES,yes,
US,AD08ENL8Q0,yes,
US,AD07Q8888L,yes,
US,AD006EO8QU,no,True
US,AD087TSWDS,yes,
US,AD08C868N7,yes,
US,AD07RT8JH8,yes,
US,AD008HOM8,yes,
US,AD08TVCQD8,yes,
US,AD08EY9KQ8,yes,
US,AD008KG7U8,yes,
US,AD008YK8U8,yes,
US,AD088NKF8L,yes,
US,AD008G88HD,yes,
US,AD00AXSHM8,yes,
US,AD08G888TP,yes,
US,AD00OLS88C,yes,
US,AD078NFVCJ,yes,
US,AD0089YXOS,no,False
US,AD07ZMKNKY,yes,
US,AD00AJLYGU,yes,
US,AD009HSNDI,yes,
US,AD00J8KEP0,yes,
US,AD08QFP6TS,yes,
US,AD08LQQKD8,yes,
US,AD008M88ZC,yes,
US,AD07LFSTZS,yes,
US,AD00IOT7PG,yes,
US,AD08DGFSGF,yes,
US,AD00U8ODVW,yes,
US,AD00I8GDMF,no,True
US,AD078CR89Q,yes,
US,AD086LWHFL,no,False
US,AD00K6JUG8,yes,
US,AD078HFQDX,yes,
US,AD08NSWM8P,no,True
US,AD00FTOMLC,yes,
US,AD00JM8GZG,yes,
US,AD008TQGFU,yes,
US,AD09G6HNYX,yes,
US,AD08IMEJV8,yes,
US,AD088SRMLC,yes,
US,AD09DSGTYR,yes,
US,AD09FXK9TT,yes,
US,AD00LNXOTD,yes,
US,AD06XDP8H8,yes,
US,AD00GXVW87,yes,
US,AD0080D8Q8,yes,
US,AD06XCD98N,no,True
US,AD088CYMJ8,yes,
US,AD00KF8WIQ,yes,
US,AD07R6V8C8,yes,
US,AD07VK6RSS,yes,
US,AD008AR6IE,yes,
US,AD08F8YP98,yes,
US,AD08D6WH7S,yes,
US,AD00OU0TP6,yes,
US,AD088SQAV8,yes,
US,AD098WM9MD,yes,
US,AD00889SSG,yes,
US,AD008M60K8,yes,
US,AD08QRJTQR,yes,
US,AD00T0UI6,yes,
US,AD08N8FYSQ,yes,
US,AD0077890S,yes,
US,AD00C8WEJT,yes,
US,AD0088OCS8,yes,
US,AD08M89VFU,yes,
US,AD000KAHPZ,yes,
US,AD00ZGTAZX,yes,
US,AD07ZG8J98,yes,
US,AD008C0NX8,yes,
US,AD07H8QHD7,yes,
US,AD07NQK969,yes,
US,AD000QSNYG,yes,
US,AD00GKI0X8,no,False
US,AD07SSDGMF,no,True
US,AD07W7N8SL,yes,
US,AD008E8NLC,yes,
US,AD07TTDDJF,yes,
US,AD07HQLZSR,yes,
US,AD08C8TEUV,yes,
US,AD07TR6V8,yes,
US,AD00088D89,yes,
US,AD07898KND,yes,
US,AD09C88WWC,yes,
US,AD00FI0UUE,yes,
US,AD0009X0QS,yes,
US,AD0768QK68,yes,
US,AD08ZMNR8D,no,True
US,AD07HJ8D8,yes,
US,AD00JWSNNR,yes,
US,AD09GNXNNP,yes,
US,AD008KATJV,yes,
US,AD00NT88HR,yes,
US,AD089D7MQM,yes,
US,AD08DCPRTZ,yes,
US,AD00WEVM8U,yes,
US,AD08FX8FAH,yes,
US,AD008RWUK6,yes,
US,AD00KTL8SA,yes,
US,AD08NT998S,yes,
US,AD08C7TVWD,yes,
US,AD08LXZS88,yes,
US,AD089NPCQR,no,True
US,AD079L7F99,yes,
US,AD088HXX6I,yes,
US,AD008ATLPC,no,True
US,AD07ND88V,yes,
US,AD09KV89HK,yes,
US,AD07N7Y88R,yes,
US,AD0888VT86,yes,
US,AD07C9K8HX,yes,
US,AD078P68R8,yes,
US,AD0868QTYD,yes,
US,AD000LU886,yes,
US,AD08TTCQ8P,no,False
US,AD07TWHY89,no,True
US,AD00GMP88M,yes,
US,AD079FV8Q9,yes,
US,AD08N8MYVZ,yes,
US,AD078RYYZ8,no,False
US,AD08S6XR8K,no,True
US,AD089FWSPF,yes,
US,AD0008C0EA,yes,
US,AD077NZVV8,yes,
US,AD07QFLDQH,yes,
US,AD098HYMQH,yes,
US,AD008FW8UM,no,True
US,AD00YWPIFH,yes,
US,AD08M888GD,yes,
US,AD008EMNER,yes,
US,AD08S7QQXC,yes,
US,AD00WZXXIT,no,True
US,AD00H8KLJI,yes,
US,AD00U8VQZD,yes,
US,AD009GEFHU,yes,
US,AD008A8VIF,yes,
US,AD09CDY89L,yes,
US,AD08ZJLRHC,yes,
US,AD07TTS8GM,yes,
US,AD06WLH9KJ,yes,
US,AD06XK9MG9,yes,
US,AD08H87YAY,yes,
US,AD06XGCL6Q,yes,
US,AD09F8XLNV,yes,
US,AD00QL6E8H,yes,
US,AD078WW8JK,yes,
US,AD088D8LCM,yes,
US,AD00088DGL,yes,
US,AD008DVUVZ,yes,
US,AD0988RS68,yes,
US,AD07QR8M88,yes,
US,AD0088PMUK,yes,
US,AD0009F8PM,yes,
US,AD00NFU8K6,no,True
US,AD00MGF8KM,yes,
US,AD07HRYZFN,yes,
US,AD08KWP79T,no,True
US,AD0088986S,no,True
US,AD098DSH8N,yes,
US,AD000VUYSA,yes,
US,AD087GGC7Z,yes,
US,AD08C77YW8,yes,
US,AD09977889,yes,
US,AD00DGDP8O,yes,
US,AD08L8Q78Q,yes,
US,AD07NHQQ88,no,False
US,AD08MS868V,yes,
US,AD08DLMNFJ,yes,
US,AD08L8O89I,yes,
US,AD0967YXZH,yes,
US,AD07L8D88Z,yes,
US,AD07GY88VL,yes,
US,AD00007E7D,yes,
US,AD008F0RRT,yes,
US,AD08AV8PPO,yes,
US,AD08IAH808,yes,
US,AD00IZF0LC,yes,
US,AD07DRQTJS,yes,
US,AD07CJ8FRN,no,True
US,AD00EVQ8EI,no,False
US,AD0000UC7R,yes,
US,AD07888J8Y,yes,
US,AD086WJ86C,yes,
US,AD087XZYC8,yes,
US,AD0787VCYW,yes,
US,AD07RRRV8C,yes,
US,AD008PDF7G,yes,
US,AD08FF8C8C,yes,
US,AD07S8XCQ6,yes,
US,AD00G868JZ,yes,
US,AD089C9F6Z,yes,
US,AD0088ZCNI,yes,
US,AD00I08JAY,yes,
US,AD080ULFU8,yes,
US,AD008888Q8,yes,
US,AD08FV0F88,yes,
US,AD0788FMYS,yes,
US,AD008KQKJN,yes,
US,AD0086788A,yes,
US,AD00ILUEVK,yes,
US,AD00OJMZSW,no,True
US,AD0880H87F,yes,
US,AD06XS6Y88,no,True
US,AD0887888R,yes,
US,AD07R68XHZ,yes,
US,AD07HZ8VSH,yes,
US,AD000VOE8Q,yes,
US,AD0788DX8C,yes,
US,AD009GUZP8,yes,
US,AD08LDNC86,yes,
US,AD08N8H688,yes,
US,AD000Z9868,yes,
US,AD07V886T9,yes,
US,AD08888ZXG,yes,
US,AD008I88AU,yes,
US,AD07HTV9VQ,yes,
US,AD008JLQ6U,yes,
US,AD07HJ79MD,no,True
US,AD07JYRPHP,no,False
US,AD0088HV8R,no,True
US,AD08FWZNQ8,yes,
US,AD08CX7888,no,True
US,AD000688CF,yes,
US,AD006H7YDU,yes,
US,AD08EY9KPZ,yes,
US,AD000GCQ8X,yes,
US,AD000V8MGF,yes,
US,AD09JP8XWJ,yes,
US,AD000888V6,yes,
US,AD00HFC8E8,yes,
US,AD008SDN8D,yes,
US,AD0088E0QH,yes,
US,AD00NI6N8U,yes,
US,AD09D8QRY9,yes,
US,AD07ND8WR6,yes,
US,AD08M88NXV,yes,
US,AD08N88WMK,yes,
US,AD06W8S888,yes,
US,AD07ZS8VQJ,yes,
US,AD07P6Y798,yes,
US,AD000OIMSL,yes,
US,AD07DDFCWF,yes,
US,AD006VJ6I0,no,True
US,AD008D9XYW,no,True
US,AD008KR8WK,yes,
US,AD0080JL88,yes,
US,AD08CRXV88,yes,
US,AD07SRK8F8,yes,
US,AD088C868L,yes,
US,AD008Q8TVK,yes,
US,AD078CQ98R,yes,
US,AD079M68HK,yes,
US,AD0088GJLT,yes,
US,AD006N8I8Z,yes,
US,AD07GRMQLG,yes,
US,AD08L8O8LI,yes,
US,AD00DOKFLY,yes,
US,AD07SXVJFY,yes,
US,AD07MHJFRJ,yes,
US,AD00CMPNMP,yes,
US,AD06XX6DS8,yes,
US,AD088T8CAM,yes,
US,AD07CWD8PX,yes,
US,AD07QVTZ78,yes,
US,AD0067DVZE,yes,
US,AD07ZTD8N8,yes,
US,AD079PHG9H,yes,
US,AD00878ETM,yes,
US,AD008T87T8,yes,
US,AD0009GZNO,yes,
US,AD0777C8N8,no,True
US,AD008ZG8DJ,yes,
US,AD08AGYS8E,no,False
US,AD0008TT86,yes,
US,AD08QPG9NW,yes,
US,AD0798F8MP,yes,
US,AD08NAZE86,yes,
US,AD07CMFXZR,yes,
US,AD078VG89H,yes,
US,AD08KVUACD,yes,
US,AD07DGMKR8,yes,
US,AD089CJG88,yes,
US,AD000WEPHK,yes,
US,AD000IXP8K,yes,
US,AD08MFHIXI,yes,
US,AD07ND8MW8,yes,
US,AD07C8PYJF,no,False
US,AD07PPPW7H,yes,
US,AD07P8NH68,yes,
US,AD088XK8KR,yes,
US,AD0088XFVD,yes,
US,AD0888L8HC,yes,
US,AD08IW9809,yes,
US,AD0098U0QC,yes,
US,AD00OA88G0,no,True
US,AD008YVU8G,yes,
US,AD07KYLF8S,yes,
US,AD0768N9N6,yes,
US,AD0988TV7G,no,True
US,AD0088PXCI,yes,
US,AD008U7SRP,yes,
US,AD008NHLZ8,yes,
US,AD08NCJSM8,yes,
US,AD07QP9TPK,no,True
US,AD00PUY8W0,yes,
US,AD08TJLKGL,yes,
US,AD008VIY7O,yes,
US,AD0787LWDC,yes,
US,AD078CRK88,yes,
US,AD07GYTXKL,yes,
US,AD088S9YHS,yes,
US,AD088XXXYV,yes,
US,AD000Y8WPK,no,False
US,AD08KYFR7K,yes,
US,AD076VNMVX,yes,
US,AD0008IXZ8,yes,
US,AD07ZZCM9S,yes,
US,AD087K8HQQ,yes,
US,AD07FDNKJ8,no,True
US,AD00R9KZQP,yes,
US,AD088HTJDD,yes,
US,AD07WPQJP7,yes,
US,AD07HXK8T8,yes,
US,AD07DT8M8Q,yes,
US,AD08LVYL8O,yes,
US,AD07W8687P,no,True
US,AD006KANNM,yes,
US,AD008AM088,yes,
US,AD006W6YHY,yes,
US,AD08RD9S78,yes,
US,AD00G8CZ0X,no,True
US,AD00T8D0CL,yes,
US,AD06X98GH7,yes,
US,AD07D88R67,yes,
US,AD088CKZEY,no,True
US,AD0888H8WD,yes,
US,AD0008AS8I,yes,
US,AD008EUS68,yes,
US,AD077QKXPV,yes,
US,AD0009YUGA,yes,
US,AD08EUVL8E,no,True
US,AD08HLSTMA,yes,
US,AD008JZCCW,yes,
US,AD087A8E7N,yes,
US,AD0088LS8X,yes,
US,AD008JKNYL,yes,
US,AD00HQM0UM,yes,
US,AD008UZOX9,no,True
US,AD08M7UFLP,yes,
US,AD088LRMX8,no,False
US,AD07C88W78,yes,
US,AD08IU8X8W,yes,
US,AD08STVX88,yes,
US,AD08FF89D8,yes,
US,AD08D8KFPV,yes,
US,AD000NYWD8,yes,
US,AD00JJPMXD,yes,
US,AD08MZWGYD,yes,
US,AD098JXK8F,yes,
US,AD00FMWWN6,yes,
US,AD08LN6T8O,yes,
US,AD08QPQ8P8,yes,
US,AD0868NMRS,yes,
US,AD00IF8CXP,yes,
US,AD00AUA6Z8,no,True
US,AD00UI80SD,yes,
US,AD07JM8HTG,yes,
US,AD00XSFMVF,yes,
US,AD07R88JJM,yes,
US,AD0768Z8YW,yes,
US,AD00J8DPEH,yes,
US,AD08D0V8PC,yes,
US,AD07KMND8J,yes,
US,AD0768LYF8,yes,
US,AD007ZZADY,yes,
US,AD08DCKCT,yes,
US,AD088RP7JF,no,False
US,AD07LFLT88,yes,
US,AD098DL99H,yes,
US,AD007UN8T7,yes,
US,AD07888MPR,yes,
US,AD08C8TLRS,no,True
US,AD08EVTTSH,yes,
US,AD098HLQLR,yes,
US,AD00IO89CI,yes,
US,AD08MRLPOK,yes,
US,AD08YKULVM,yes,
US,AD008GOOSF,no,True
US,AD00IJE8TX,yes,
US,AD07SXRDCL,yes,
US,AD08N8U7JA,yes,
US,AD07JN888G,yes,
US,AD0788CC88,yes,
US,AD08L7LW8E,yes,
US,AD0788G878,yes,
US,AD00ISAPPL,yes,
US,AD0788GGZD,yes,
US,AD08G0JFRD,yes,
US,AD0788FTPX,yes,
US,AD07XLSZLK,yes,
US,AD07V8WDYH,yes,
US,AD078SXJQ9,no,True
US,AD07N88MMY,yes,
US,AD08GFGWXK,yes,
US,AD000XEV9Y,yes,
US,AD008PMQMK,yes,
US,AD07SXD8CT,yes,
US,AD07TNJRN9,yes,
US,AD07GWW88H,yes,
US,AD0088OOQ8,yes,
US,AD07CLTJFF,yes,
US,AD08GM9JMU,yes,
US,AD008U88PR,no,True
US,AD00088OVX,no,True
US,AD06XD88HC,yes,
US,AD00PFDH0I,yes,
US,AD007RSH8U,no,True
US,AD00AQKGP8,no,True
US,AD07MJRWJX,yes,
US,AD08WXV88Z,yes,
US,AD07KW8H8N,yes,
US,AD00RUT8GA,yes,
US,AD00WR88WE,yes,
US,AD008889IE,yes,
US,AD07SG8Y66,yes,
US,AD07H8888H,yes,
US,AD07KX8RM7,no,True
US,AD88868989,yes,
US,AD07WLLPJG,yes,
US,AD08QRGJ8S,yes,
US,AD08LMS8VR,yes,
US,AD07PFVFFH,yes,
US,AD008LXR7S,yes,
US,AD00ATZ9K0,yes,
US,AD07D8S8JS,yes,
US,AD000HDXQK,yes,
US,AD00ICSWGJ,yes,
US,AD06XGZQ89,yes,
US,AD07N9PXGG,yes,
US,AD08TM8QCZ,yes,
US,AD00NJ8G7G,yes,
US,AD0088978F,yes,
US,AD008DRD8P,yes,
US,AD00I8FWWP,yes,
US,AD08M8KZTA,yes,
US,AD0787WFN8,yes,
US,AD077GHNQG,no,True
US,AD088C8C86,yes,
US,AD078CLKNK,yes,
US,AD0080ZOWC,yes,
US,AD00ORIVSQ,yes,
US,AD00LU8CZP,no,True
US,AD008X8LM8,yes,
US,AD07R8GD87,yes,
US,AD08CR8Y7Z,yes,
US,AD07S8S8HR,no,True
US,AD0797H8VQ,yes,
US,AD009MLYT8,yes,
US,AD00087088,yes,
US,AD077QKJRR,yes,
US,AD07JHQ8L8,yes,
US,AD008H8V8S,yes,
US,AD08N8IOQS,yes,
US,AD00DC06VI,yes,
US,AD07N98Y8Q,yes,
US,AD000YJ8C8,yes,
US,AD07NF88VG,yes,
US,AD088GMVD8,yes,
US,AD0898RHW,yes,
US,AD086Q7GLT,yes,
US,AD00FG886Y,yes,
US,AD076VNPRM,yes,
US,AD08KPGF,yes,
US,AD0009YWKU,yes,
US,AD0088OQGO,yes,
US,AD07H8V8YL,yes,
US,AD07VZKPLN,yes,
US,AD07QMYKH8,yes,
US,AD07QS9GQ8,yes,
US,AD098JLYXS,yes,
US,AD07NSHGJK,yes,
US,AD08CZW888,yes,
US,AD00PZ0I08,yes,
US,AD08ANC8PK,yes,
US,AD078K8SVC,yes,
US,AD00WDGOS,yes,
US,AD008YH9E8,yes,
US,AD08LXXCK8,yes,
US,AD078FV8LP,yes,
US,AD07QDPWHR,yes,
US,AD008VD6S8,yes,
US,AD00XA8078,yes,
US,AD08KSHYYC,yes,
US,AD089898PC,no,True
US,AD078888G8,yes,
US,AD0089EYWE,yes,
US,AD00XLZURF,yes,
US,AD00NSG8MT,yes,
US,AD088D8MXX,yes,
US,AD00O8EAJH,yes,
US,AD00NKUEHK,yes,
US,AD07NQPHFZ,yes,
US,AD0778VQRQ,yes,
US,AD00CU8CMO,yes,
US,AD08DXYMU6,yes,
US,AD00IAH8A8,yes,
US,AD006WWFW8,yes,
US,AD0070AJMF,yes,
US,AD008NWDMR,no,True
US,AD00898Q8O,yes,
US,AD07H88N8P,yes,
US,AD000HCMRF,no,True
US,AD08MAWIGW,yes,
US,AD087GRPGC,yes,
US,AD08EKUU8Y,yes,
US,AD0098N8YW,no,False
US,AD07P8K8S8,yes,
US,AD07PXT8LY,yes,
US,AD0088T8YO,yes,
US,AD08K6YOCQ,yes,
US,AD00898ZIL,yes,
US,AD0788X8HD,yes,
US,AD00N88W0Z,yes,
US,AD07876XQJ,yes,
US,AD000MICPS,no,True
US,AD07CCK6VR,yes,
US,AD07D8CVJH,yes,
US,AD008688V9,yes,
US,AD0888W0WO,yes,
US,AD008UZ88S,yes,
US,AD079H88D8,yes,
US,AD08VFC888,yes,
US,AD07Q77DCS,yes,
US,AD08J87KR8,yes,
US,AD08F8YC7C,yes,
US,AD07Y8ZK8Y,yes,
US,AD088MVGV6,yes,
US,AD00088E0A,yes,
US,AD088VG8Y8,yes,
US,AD08HPT7R,no,True
US,AD08I88GV0,no,True
US,AD07WF97NJ,no,True
US,AD008C9KMA,yes,
US,AD08888PW7,yes,
US,AD088CW8GD,yes,
US,AD07VCL87J,yes,
US,AD0788Z98Y,yes,
US,AD00087SOM,yes,
US,AD088P6888,yes,
US,AD080O87QK,no,False
US,AD07ZZXT98,yes,
US,AD00978JZI,yes,
US,AD008VIWGF,yes,
US,AD087PKPHM,no,True
US,AD000EMDK6,yes,
US,AD00NTCVGI,yes,
US,AD08F88QH6,yes,
US,AD07VVJH8W,no,True
US,AD097YXJ88,yes,
US,AD07G8N8NV,yes,
US,AD07GR9WFY,yes,
US,AD08MYTOND,yes,
US,AD0876RILZ,yes,
US,AD00HS8Q7Y,yes,
US,AD07L8FF8W,yes,
US,AD00NFFWIG,yes,
US,AD07MYTZVX,yes,
US,AD0088TTWS,yes,
US,AD08G9YZWY,no,True
US,AD07MWXVK6,no,True
US,AD008FULQ8,yes,
US,AD07HYWHGV,yes,
US,AD009MKSR7,yes,
US,AD008Z7WY8,no,True
US,AD008YMD0S,no,True
US,AD079YY8Y8,yes,
US,AD000888NK,yes,
US,AD00D8YS8H,yes,
US,AD0008RI8P,yes,
US,AD099Y8TKM,no,True
US,AD0000AH8R,yes,
US,AD078ZQW8C,yes,
US,AD07PZRDJN,yes,
US,AD00I9N8AZ,yes,
US,AD09969XYL,yes,
US,AD008E8E08,yes,
US,AD000888DY,yes,
US,AD007TU8Y0,yes,
US,AD07TGG8R8,yes,
US,AD08DTV8JD,yes,
US,AD07ZTCQ8,yes,
US,AD000YFD6W,no,True
US,AD08LYQPAT,yes,
US,AD008YFHCK,yes,
US,AD07N8SJ8G,yes,
US,AD08HS887Z,yes,
US,AD07QC88R8,no,True
US,AD07X89QG,yes,
US,AD08XC8KL9,yes,
US,AD07RZQZRQ,yes,
US,AD07D88KX8,yes,
US,AD088F98AW,yes,
US,AD00HC767P,yes,
US,AD07XNNQXL,yes,
US,AD08888P8R,yes,
US,AD078SH8WG,yes,
US,AD088DPMZD,no,True
US,AD00PXAUSU,yes,
US,AD08T66ZCH,yes,
US,AD088FHWTL,yes,
US,AD00EI86XS,yes,
US,AD08GL7FM9,yes,
US,AD08A9FFAV,yes,
US,AD08R7CQRD,yes,
US,AD08EY8PDY,yes,
US,AD07F88XD9,yes,
US,AD008OMI9A,yes,
US,AD008V8V8J,yes,
US,AD07M98S8L,yes,
US,AD008ARD8T,no,True
US,AD08XXVV8W,yes,
US,AD07C9K8DJ,yes,
US,AD0808U8WZ,yes,
US,AD08AFP8HS,yes,
US,AD087YLTR8,yes,
US,AD00AZEK8T,yes,
US,AD098THWHT,yes,
US,AD07NPZ6G8,yes,
US,AD080FD80T,yes,
US,AD00UY8QEG,yes,
US,AD077G88ZK,yes,
US,AD078867CN,no,True
US,AD076ZZ8FG,yes,
US,AD000GOZYR,yes,
US,AD07ZYV8JG,yes,
US,AD0798VGXN,yes,
US,AD08WHWHCJ,yes,
US,AD0088S8LN,yes,
US,AD07F8H6NH,yes,
US,AD00XQ8XGA,yes,
US,AD0798JSXS,yes,
US,AD0000888U,yes,
US,AD008SKPQM,yes,
US,AD06ZZGT8W,yes,
US,AD098G8DKK,no,True
US,AD088LJZUG,yes,
US,AD06X9F66Y,yes,
US,AD007SXS80,yes,
US,AD07ZK8NN8,yes,
US,AD008DHUCE,yes,
US,AD088LPHW8,yes,
US,AD08N0G8V8,yes,
US,AD08D8VJPJ,yes,
US,AD0889NJTT,yes,
US,AD086X8E8N,no,False
US,AD008W6RHO,yes,
US,AD07878RZV,yes,
US,AD08C8ND6T,no,True
US,AD00NLR8PX,yes,
US,AD08CMW8PC,yes,
US,AD07F6G88R,yes,
US,AD088S68LT,yes,
US,AD08QH8MP9,yes,
US,AD078H7X6V,no,True
US,AD079N868T,yes,
US,AD08INE0K8,yes,
US,AD0888NQVQ,yes,
US,AD00UASJMG,yes,
US,AD07L69W88,yes,
US,AD088D868Z,yes,
US,AD00E0HQA7,no,True
US,AD08MVKQKY,yes,
US,AD00888T8D,yes,
US,AD07876C68,yes,
US,AD088J68V8,yes,
US,AD078WVMK8,yes,
US,AD00ZD8IOV,no,True
US,AD08TP7GZR,yes,
US,AD008PQW8J,yes,
US,AD00DMWOJY,yes,
US,AD0088IO8T,no,True
US,AD00068URQ,yes,
US,AD0088SNJA,yes,
US,AD0787TT88,yes,
US,AD00880M88,yes,
US,AD07Q8HCRC,yes,
US,AD08F8NVH9,yes,
US,AD078DHD8J,yes,
US,AD007ZZDJU,yes,
US,AD078K98HF,yes,
US,AD00C8HTNF,yes,
US,AD006TJVNX,yes,
US,AD00L9IWVI,yes,
US,AD00VEIHUE,yes,
US,AD08SRSRN7,yes,
US,AD07TC8H8Q,yes,
US,AD08MSZU89,yes,
US,AD0098QPV8,yes,
US,AD08QRKS8N,yes,
US,AD076H8ZWH,yes,
US,AD006XISCN,yes,
US,AD07NM8WRJ,yes,
US,AD00MW8G68,yes,
US,AD0088UPQE,yes,
US,AD0088JNY7,yes,
US,AD08GXPRXR,yes,
US,AD089CDD8H,yes,
US,AD078YDZ7H,yes,
US,AD07WR87PR,yes,
US,AD0798C88G,no,True
US,AD08M89088,yes,
US,AD08CVPY88,yes,
US,AD07HCGMWF,yes,
US,AD008SD88G,yes,
US,AD078SGNZH,yes,
US,AD07NQD8TM,yes,
US,AD08DXJ888,no,False
US,AD0798688K,yes,
US,AD06ZZQWMS,yes,
US,AD08VK88ZY,yes,
US,AD00D788WM,yes,
US,AD07NQNS9C,yes,
US,AD07YF8Y76,no,True
US,AD08N8KD9M,yes,
US,AD08H6NN8,yes,
US,AD076T8K8J,yes,
US,AD008AS88W,yes,
US,AD07W6RJDV,yes,
US,AD08898PZ8,yes,
US,AD008U9M8E,yes,
US,AD07MNTTFS,yes,
US,AD07988YVS,yes,
US,AD08HEFT7I,yes,
US,AD008DRU8O,yes,
US,AD088JL6YY,yes,
US,AD06VY9788,yes,
US,AD0078FR66,yes,
US,AD00FUSDO8,yes,
US,AD07NY6DND,yes,
US,AD07ZP868T,yes,
US,AD09C88PJ8,no,True
US,AD08HDNXPN,yes,
US,AD0087OFTT,yes,
US,AD0089KDR7,yes,
US,AD078JMC6C,yes,
US,AD08L8PLN6,yes,
US,AD0087L8PH,yes,
US,AD086LC8EC,yes,
US,AD086S88Q8,yes,
US,AD08D8H8Q0,yes,
US,AD088PP7WY,yes,
US,AD008I7TND,yes,
US,AD08NAV08X,yes,
US,AD0886R8OU,yes,
US,AD0979JM86,yes,
US,AD07RGXTTX,yes,
US,AD0788G88P,yes,
US,AD08VJYLWG,yes,
US,AD08W6R8M6,yes,
US,AD07MCCVZY,yes,
US,AD08MPOF6,yes,
US,AD0080HO67,yes,
US,AD00CMPCMH,yes,
US,AD08EKEMDA,yes,
US,AD008MAUNV,no,True
US,AD00VUPG,yes,
US,AD0088XPQF,yes,
US,AD000HDMW9,yes,
US,AD00DQ8R6X,yes,
US,AD009SZXM8,no,True
US,AD00HPZEMU,yes,
US,AD08N88DI8,yes,
US,AD0898RJD8,yes,
US,AD008DN8WJ,yes,
US,AD098R7CRV,yes,
US,AD008EDEZM,yes,
US,AD000GG86Q,yes,
US,AD07S78XPR,yes,
US,AD07K88MWM,yes,
US,AD078XXY8M,yes,
US,AD07CXP8WV,yes,
US,AD08MS7888,yes,
US,AD00JR987E,yes,
US,AD07QRVFLK,yes,
US,AD0888MM06,yes,
US,AD08788KU6,yes,
US,AD08L088H0,yes,
US,AD008YJGGE,yes,
US,AD00LFULC8,yes,
US,AD008888G8,yes,
US,AD088ZRTHV,yes,
US,AD06XTGLWN,yes,
US,AD08LVZ7N8,yes,
US,AD000F8N7A,yes,
US,AD078WP8G8,yes,
US,AD08D98LK7,yes,
US,AD008LZQGN,yes,
US,AD07898WPY,yes,
US,AD07GFXHN8,yes,
US,AD08QRR78Z,yes,
US,AD07KWF96M,yes,
US,AD08N89RV0,yes,
US,AD0888ZVCG,yes,
US,AD08Y6YXT8,yes,
US,AD00WZRQNA,yes,
US,AD07QNZM88,yes,
US,AD008CTO0Y,yes,
US,AD07CTWYR9,yes,
US,AD00TJ8W89,yes,
US,AD086TQGI7,yes,
US,AD00MEDOY8,yes,
US,AD06XNRV8Z,yes,
US,AD00CX8DGH,yes,
US,AD08MSNFSA,no,False
US,AD08MTIO0J,yes,
US,AD07CYNYLP,yes,
US,AD0089QT9L,no,True
US,AD00CFQFIG,yes,
US,AD0887X8V8,yes,
US,AD09HSSN8P,no,True
US,AD008PQUJD,no,True
US,AD008X7M98,yes,
US,AD08E8QOGW,yes,
US,AD0888KW8P,yes,
US,AD07889F6K,yes,
US,AD00URDX6S,yes,
US,AD06XHWS8Z,yes,
US,AD080IPDW0,yes,
US,AD008C8IID,yes,
US,AD0009RF8K,yes,
US,AD08NMH8CH,yes,
US,AD087KQRSJ,yes,
US,AD00TZMS8M,yes,
US,AD06XS8M8J,yes,
US,AD08M7ZAQN,yes,
US,AD00OW9OU8,yes,
US,AD088TNPTJ,yes,
US,AD07N86LTJ,yes,
US,AD00P0ZMWE,yes,
US,AD07N88W6W,yes,
US,AD07KHQCGG,yes,
US,AD08887XZ8,yes,
US,AD00CDARUW,yes,
US,AD00GZFYAN,yes,
US,AD008YON8P,yes,
US,AD088SSNX7,yes,
US,AD007CRC8P,yes,
US,AD07SPFX8T,yes,
US,AD08RU8PVE,yes,
US,AD008HFO7U,no,True
US,AD088888GW,yes,
US,AD009CZP8S,yes,
US,AD088KWGJH,no,True
US,AD07D87SHF,yes,
US,AD00A9T80I,yes,
US,AD07MWYH7S,yes,
US,AD00K8NEKV,yes,
US,AD07R88YF8,yes,
US,AD008JRAL8,no,True
US,AD008Z8Q8Z,yes,
US,AD000986PU,no,True
US,AD08AT8DLV,yes,
US,AD07QX8X8W,yes,
US,AD07SNVPPY,yes,
US,AD0088AAH8,yes,
US,AD0079GRXP,yes,
US,AD08LZV8Y8,yes,
US,AD008JAT88,yes,
US,AD008W8IUV,yes,
US,AD00I7LT8G,yes,
US,AD088NPYX8,yes,
US,AD00PRGU6A,yes,
US,AD00OS8T78,yes,
US,AD098Y7KDW,yes,
US,AD07VCG8XR,yes,
US,AD0888C6TR,yes,
US,AD008KYS0I,yes,
US,AD00Q898AS,yes,
US,AD0009EH78,yes,
US,AD07PW9J88,no,True
US,AD088JZMD8,yes,
US,AD07RWKJ98,yes,
US,AD008WJ8SG,yes,
US,AD0080R67U,yes,
US,AD07MJL8NX,yes,
US,AD00HSMS8O,yes,
US,AD07PW8MTH,yes,
US,AD07DLC99X,yes,
US,AD07GVPGCQ,yes,
US,AD07GWJ99F,yes,
US,AD0098FAUE,yes,
US,AD008ED8I7,yes,
US,AD098W8R68,no,False
US,AD00PQKRVF,yes,
US,AD08A6R88D,yes,
US,AD07R9SGCG,yes,
US,AD087R8SKQ,yes,
US,AD00AHYP8J,yes,
US,AD0088CI99,yes,
US,AD007LTRR0,yes,
US,AD008CXG98,yes,
US,AD007R8XGJ,yes,
US,AD00JUJ8E0,yes,
US,AD07KQ9FF8,yes,
US,AD08AGHGYN,yes,
US,AD07CWTP8Y,yes,
US,AD0088FEGS,yes,
US,AD008CT0AL,yes,
US,AD00I8FWX7,no,True
US,AD007JUS6Y,no,True
US,AD008R68SW,no,False
US,AD07TT8SFY,yes,
US,AD008CQWWK,yes,
US,AD08IIOMJ8,yes,
US,AD08MYSQ8,yes,
US,AD098R8F8G,yes,
US,AD08SXQKFD,no,True
US,AD000W0G68,yes,
US,AD07Z88T7G,yes,
US,AD0788888T,yes,
US,AD00MPZZD8,yes,
US,AD00DYGQIN,yes,
US,AD08HCZM9X,no,True
US,AD078RK8KZ,no,True
US,AD08XC86YF,yes,
US,AD0897ZV8V,yes,
US,AD00XIN8DF,yes,
US,AD078WS7WH,yes,
US,AD06XSP68R,no,True
US,AD07886QH6,yes,
US,AD007VGE8X,yes,
US,AD07HND6YC,yes,
US,AD07Q8WS7W,yes,
US,AD08DFNJMG,yes,
US,AD08F8H988,no,False
US,AD07TP6DL8,no,True
US,AD078DZQLP,yes,
US,AD08N8VXVZ,yes,
US,AD000AMUWL,yes,
US,AD08N6CFWL,yes,
US,AD07KRTPR8,yes,
US,AD0889LQSH,yes,
US,AD08FMJNGR,yes,
US,AD07CMJ8XG,yes,
US,AD008ESA86,no,True
US,AD07CJH7Z8,yes,
US,AD00XMZ6U0,yes,
US,AD07YL8D6S,no,True
US,AD07XZL8ZK,yes,
US,AD07DJ6NWD,yes,
US,AD008HY8P0,yes,
US,AD08KECF8K,yes,
US,AD078HGT9Y,yes,
US,AD000N9LLA,yes,
US,AD086OLAAM,yes,
US,AD008K8HTN,yes,
US,AD00O8F8GC,no,True
US,AD0768VHJP,yes,
US,AD00889RI0,yes,
US,AD00WVNY0C,yes,
US,AD08VGWDWV,yes,
US,AD078WVVRP,yes,
US,AD078NSDF8,yes,
US,AD078F9H98,yes,
US,AD078ZXXM8,yes,
US,AD08SKJ9VF,no,True
US,AD07S89WRM,yes,
US,AD0000CEO8,yes,
US,AD08MFC0DL,yes,
US,AD078QK8SP,yes,
US,AD07SX8QYC,no,True
US,AD007PM9YL,yes,
US,AD87888688,yes,
US,AD07ZHQ7XX,yes,
US,AD078X6P88,no,True
US,AD07FD8W9V,yes,
US,AD08DCM8Z7,yes,
US,AD07VSVC8C,no,True
US,AD00X9OZUS,yes,
US,AD099X6KKM,yes,
US,AD08CWS8LM,yes,
US,AD07R8R8MK,yes,
US,AD008H808U,yes,
US,AD00888FZW,yes,
US,AD000FGXO0,yes,
US,AD008VU8U8,yes,
US,AD07TVRFCD,yes,
US,AD00ORVJHF,yes,
US,AD07X7H8N8,yes,
US,AD07WWXX99,yes,
US,AD08Q6QPHV,yes,
US,AD07GS8Q89,yes,
US,AD088LTKGD,yes,
US,AD006P888W,yes,
US,AD079Z8MZT,yes,
US,AD0768LYFK,yes,
US,AD008HITON,yes,
US,AD08MSSDEP,yes,
US,AD00W8FAFP,yes,
US,AD008XUDWX,yes,
US,AD008TSSLM,yes,
US,AD00RY88S8,yes,
US,AD07Q6NF8D,yes,
US,AD00888UN9,yes,
US,AD08FUI8KU,yes,
US,AD08L8888,yes,
US,AD08MTL0PJ,yes,
US,AD08D8V096,yes,
US,AD088FTRV,yes,
US,AD00MJ8ZU8,yes,
US,AD088DXSTN,no,True
US,AD07JMH8Y8,yes,
US,AD08Z686TP,yes,
US,AD08M8MCUA,yes,
US,AD09TVK7P,yes,
US,AD08RN7XNT,yes,
US,AD09HJXRW8,yes,
US,AD000FKMNU,no,True
US,AD00888G88,no,True
US,AD0778KNMZ,yes,
US,AD000EMU88,yes,
US,AD07HTC8DF,yes,
US,AD06X9YJQQ,yes,
US,AD08M88ZGM,yes,
US,AD07SY78N8,no,True
US,AD08JN8W7L,yes,
US,AD0088LIIN,yes,
US,AD088RDKMN,yes,
US,AD07N8G8P8,yes,
US,AD0788WPWW,yes,
US,AD07XTW988,yes,
US,AD08KGKVX6,yes,
US,AD08W8HN8W,yes,
US,AD008GM60J,yes,
US,AD08ALL8DP,yes,
US,AD08DY8R8P,yes,
US,AD07S888W8,yes,
US,AD088PZG6H,no,True
US,AD000OQWAS,yes,
US,AD07D8F7F8,yes,
US,AD00U0DL8O,yes,
US,AD07C88DJJ,yes,
US,AD08YHJ68L,yes,
US,AD008P08I7,yes,
US,AD008LDLO8,yes,
US,AD088T878Y,yes,
US,AD00ZS8ZAE,yes,
US,AD000LKVSM,yes,
US,AD00Q70RCW,yes,
US,AD0898XHVV,yes,
US,AD087S88FM,yes,
US,AD08JWYYFY,no,True
US,AD077TLGF8,yes,
US,AD088QIEPC,yes,
US,AD00G8EG6C,yes,
US,AD08H0EQAQ,yes,
US,AD00MWXJPA,yes,
US,AD00T88VPL,yes,
US,AD000OV7NJ,no,True
US,AD00E0KFAS,yes,
US,AD08LYV8HM,yes,
US,AD008IW8GO,no,True
US,AD098JJ8JW,yes,
US,AD00K8NEMJ,yes,
US,AD07ZV8GQL,yes,
US,AD00D7VGY8,yes,
US,AD00TY8NKD,yes,
US,AD0988GRFX,yes,
US,AD087S8LX8,yes,
US,AD07Z9STTC,yes,
US,AD000AAIAJ,yes,
US,AD078VW8Z6,yes,
US,AD00VGIP8X,yes,
US,AD008PYXM8,yes,
US,AD08LY968X,yes,
US,AD07QSCFV8,yes,
US,AD08X6W8VL,yes,
US,AD08JVKYH9,yes,
US,AD008HH8VE,yes,
US,AD07Q6HCHJ,yes,
US,AD07NJPMVG,yes,
US,AD00CRJ8WL,yes,
US,AD00UF7JT6,yes,
US,AD00MJ7VL8,yes,
US,AD0088MXTY,yes,
US,AD07CK9898,yes,
US,AD088RQ9V8,no,True
US,AD07JXJD8K,yes,
US,AD07ZPGS8H,yes,
US,AD00LHGR8S,no,True
US,AD06X9T8Y8,yes,
US,AD0886MDUK,no,True
US,AD07RT8WJG,yes,
US,AD098X7L8K,yes,
US,AD00J078W9,yes,
US,AD07MKL8VR,yes,
US,AD0008ASCG,yes,
US,AD0787SL9F,yes,
US,AD00D6Q9E8,no,True
US,AD07QV8RNW,yes,
US,AD08CWG88F,yes,
US,AD06Y88J8Q,no,True
US,AD008QQ9LV,no,True
US,AD07L8NSJ8,yes,
US,AD088PMXT8,yes,
US,AD08TRR899,no,True
US,AD00IJF9ZI,yes,
US,AD07PQYJM8,yes,
US,AD07HSF8X,yes,
US,AD07SR8MQX,yes,
US,AD000JKVCM,no,True
US,AD0088AHLZ,yes,
US,AD00FPEX8G,yes,
US,AD00W888Y8,yes,
US,AD008EXF8M,yes,
US,AD009JE0I8,yes,
US,AD00R98VWX,yes,
US,AD08H8M7WT,no,True
US,AD07688KLZ,yes,
US,AD07Q8X8FK,yes,
US,AD0808TRQY,yes,
US,AD088S96RT,yes,
US,AD08FVVV8U,yes,
US,AD09888888,yes,
US,AD008DYIZI,yes,
US,AD07D86SQ6,yes,
US,AD008NG8ZM,no,True
US,AD008SLLF8,yes,
US,AD00ADX8WZ,yes,
US,AD07CWK8KV,yes,
US,AD08YKUI9C,yes,
US,AD088ZDZ89,yes,
US,AD008SJUNU,yes,
US,AD08Y6G8WW,yes,
US,AD0080EEWU,yes,
US,AD00O8JNZF,yes,
US,AD0888IWGH,yes,
US,AD078L8NCL,yes,
US,AD078FQCJN,yes,
US,AD08VFVX78,yes,
US,AD07WZP8Z8,no,True
US,AD00SNM8US,yes,
US,AD00I7QET8,no,True
US,AD00Z8LOKS,yes,
US,AD008TS8A9,no,True
US,AD08MTCOI8,yes,
US,AD08D8XHNX,yes,
US,AD008VY8YR,yes,
US,AD078PTW8T,yes,
US,AD07SV8CL8,yes,
US,AD07KCZ6CD,yes,
US,AD08QV7Q6Q,yes,
US,AD079DHNK8,yes,
US,AD08LHXJTD,yes,
US,AD0878S8TW,yes,
US,AD07NJLNP7,yes,
US,AD098FVXK8,yes,
US,AD00H8F8YS,yes,
US,AD0898D0MH,yes,
US,AD07VKPZS8,yes,
US,AD07WCQFG9,yes,
US,AD088DGRLY,yes,
US,AD07M8P8F7,yes,
US,AD078KMTQ8,yes,
US,AD08N80U88,yes,
US,AD07Q6CSYC,yes,
US,AD07ZJCHXZ,no,True
US,AD006GZYOG,no,True
US,AD007L0DPE,no,True
US,AD00987SAC,yes,
US,AD08XT8HKW,no,True
US,AD00JYFN6D,yes,
US,AD006W6YHH,yes,
US,AD07TLFWLQ,yes,
US,AD07VNH8VP,yes,
US,AD08DKWMQ7,yes,
US,AD07HCNM7K,yes,
US,AD08L889TR,yes,
US,AD088XXRPQ,yes,
US,AD07CKMHT8,yes,
US,AD07L9WQT9,no,True
US,AD00ISRS9M,yes,
US,AD0080ZOD0,yes,
US,AD08SLMNGR,no,True
US,AD00CPZW8I,yes,
US,AD08MQXGC0,yes,
US,AD06WWG7P8,yes,
US,AD07KNMJ88,yes,
US,AD008DUOOX,yes,
US,AD07M8YV88,yes,
US,AD08M8NGXT,yes,
US,AD00MNV8E0,yes,
US,AD0868YK8S,yes,
US,AD00KPT8GK,yes,
US,AD000E7LLG,yes,
US,AD078DP9JP,yes,
US,AD0888JPYK,yes,
US,AD088C68WJ,no,True
US,AD000AYGYA,yes,
US,AD008AP9Y8,yes,
US,AD0086A890,yes,
US,AD07TPSRTV,yes,
US,AD088KAAUS,yes,
US,AD008YKWIG,no,True
US,AD0788Q8KR,yes,
US,AD08ZMQ968,yes,
US,AD08KVGK88,yes,
US,AD076WW9TM,yes,
US,AD07NFQH88,yes,
US,AD08FPY8P8,yes,
US,AD0087JG8X,yes,
US,AD000X887H,yes,
US,AD08MVPPMG,yes,
US,AD08NNG89Y,yes,
US,AD08FLPFPO,yes,
US,AD078F897T,yes,
US,AD00IZL8AH,yes,
US,AD078ZF7W9,yes,
US,AD089DR8JS,yes,
US,AD00YFVC88,yes,
US,AD008CQRG0,yes,
US,AD078CQ8Y8,no,False
US,AD088KXX78,yes,
US,AD098GH88F,yes,
US,AD088HC8K8,yes,
US,AD08QQRF88,yes,
US,AD0898HZY9,no,True
US,AD07X8CDFD,yes,
US,AD08WRJR88,yes,
US,AD078S8T8Y,no,True
US,AD0876KM8S,yes,
US,AD087C9YZ8,yes,
US,AD08DTFO98,yes,
US,AD078HGDV7,yes,
US,AD0088D9QU,yes,
US,AD07NKD9LF,yes,
US,AD06XYFXD8,yes,
US,AD00VFYYAC,yes,
US,AD00I08JKF,no,True
US,AD08WRNVJ8,no,False
US,AD08MFAMFH,no,False
US,AD077NNPVX,no,True
US,AD008H8LOC,yes,
US,AD00N0JIAC,yes,
US,AD08QMG6CL,yes,
US,AD000VCQLA,yes,
US,AD08F86JEX,yes,
US,AD08MQERON,yes,
US,AD00006IAO,yes,
US,AD08688FI0,yes,
US,AD00JOAX80,yes,
US,AD00TZGA9A,yes,
US,AD00L9Q8A8,yes,
US,AD00DJUK8H,no,True
US,AD00I8FWZA,yes,
US,AD07XSKK6Z,yes,
US,AD08JQXAF0,yes,
US,AD07HVV8TJ,yes,
US,AD08TK8Y6P,yes,
US,AD06XGNL8R,yes,
US,AD08LYJP88,no,False
US,AD07QC87CJ,yes,
US,AD00G8L89J,yes,
US,AD008UNAXS,yes,
US,AD00D09XFU,yes,
US,AD00CE8H8Y,yes,
US,AD078WLPYM,yes,
US,AD088PGEEO,no,True
US,AD00KF8WFI,yes,
US,AD088WSNKV,yes,
US,AD00CQG8QU,yes,
US,AD07K8SK9S,yes,
US,AD07GNTYK6,no,True
US,AD00K80U60,yes,
US,AD07M78CL8,yes,
US,AD000S888K,yes,
US,AD07SXX8DM,yes,
US,AD07LX88ZS,yes,
US,AD08GKWD88,yes,
US,AD078TTSMW,yes,
US,AD08D8FXF6,yes,
US,AD07DC7SQD,yes,
US,AD0888WQSH,yes,
US,AD008EPQ8W,yes,
US,AD0898TTOG,yes,
US,AD07Z9SGJ8,yes,
US,AD008ZYD8I,yes,
US,AD07SQK88Z,yes,
US,AD008WWMFG,yes,
US,AD06XWTYJZ,yes,
US,AD07L9JHXJ,yes,
US,AD00J88ZPA,yes,
US,AD08FIQV8I,yes,
US,AD08R88Y7H,yes,
US,AD07K9XT8T,yes,
US,AD008IZCL8,yes,
US,AD098XH8X8,yes,
US,AD009MKZ8N,yes,
US,AD07Q8YYD8,yes,
US,AD08GQ8GQE,yes,
US,AD07ZK8NSJ,yes,
US,AD086T88HY,yes,
US,AD087Q0YFE,yes,
US,AD07W7FMQ9,yes,
US,AD07T688RC,yes,
US,AD00788X88,yes,
US,AD00TP88IF,yes,
US,AD07RKRK7F,yes,
US,AD08E86PJC,no,False
US,AD086Y8ZX8,yes,
US,AD00UXYGQ8,yes,
US,AD079V8L9J,yes,
US,AD00MVEJTG,no,True
US,AD08I8LWQ8,no,True
US,AD008AYO7E,yes,
US,AD07CWHTQW,yes,
US,AD008HG9ER,yes,
US,AD008KOTMX,yes,
US,AD099H88F8,yes,
US,AD00878H8G,yes,
US,AD07L97GQW,yes,
US,AD000QCPNZ,yes,
US,AD08FJ8WMF,yes,
US,AD07QDV8D8,yes,
US,AD098GSXXM,yes,
US,AD0788DHRY,yes,
US,AD08MDRCU8,yes,
US,AD079K98D6,no,True
US,AD00CWTZ8R,no,True
US,AD006C8O8D,yes,
US,AD06XYNS8X,yes,
US,AD088888JM,yes,
US,AD0007A8XV,yes,
US,AD07XM98T6,yes,
US,AD077Y8KGX,yes,
US,AD08KR9YT6,yes,
US,AD0098S8O0,yes,
US,AD000ILKUZ,yes,
US,AD08IT9NLH,yes,
US,AD0798G8MV,no,False
US,AD07L88FYS,yes,
US,AD07MV8778,yes,
US,AD00JQRPUJ,yes,
US,AD07G7MRZT,yes,
US,AD07KZCGXP,yes,
US,AD07RHX78Z,yes,
US,AD00J9WZZW,yes,
US,AD008H8GM8,yes,
US,AD00OE88AW,yes,
US,AD08GP6VCG,yes,
US,AD08PW6MSP,yes,
US,AD07X8NDG6,yes,
US,AD008AP8M6,yes,
US,AD00UVAHDS,yes,
US,AD07P9T8P7,yes,
US,AD07MC86CQ,yes,
US,AD08TGZ9QM,yes,
US,AD008WKE8H,yes,
US,AD009IDCQ6,yes,
US,AD097GD98D,no,True
US,AD007JRYIO,yes,
US,AD008GW6O9,yes,
US,AD098TQP9L,yes,
US,AD0088TXDN,no,True
US,AD07SCL688,yes,
US,AD000GPTC8,yes,
US,AD086RVYGQ,yes,
US,AD07X8HW88,yes,
US,AD00YUYFGK,no,True
US,AD088D6A0Y,yes,
US,AD08AMV87A,yes,
US,AD08KJNKXJ,yes,
US,AD098ND8VR,no,True
US,AD0768KLXQ,yes,
US,AD08GVJK8X,yes,
US,AD07TZK7MC,yes,
US,AD00GZRIW8,yes,
US,AD09KD8J88,yes,
US,AD0788C898,yes,
US,AD08RGNLF8,yes,
US,AD00DW79Y8,yes,
US,AD08IR6IAY,yes,
US,AD00PO9JOV,yes,
US,AD07SGRQ8P,yes,
US,AD07Z88PQ8,yes,
US,AD0088NNE8,yes,
US,AD088J888H,yes,
US,AD008VR6Y8,yes,
US,AD008GI98S,yes,
US,AD00U8RIGH,yes,
US,AD086QGJ88,yes,
US,AD078WZ8MW,yes,
US,AD078PC8JG,yes,
US,AD000GFYRI,yes,
US,AD008FZGQF,yes,
US,AD08T8Y7NF,yes,
US,AD079HLKVJ,yes,
US,AD08GJJHU8,yes,
US,AD00008QUL,yes,
US,AD008NRHM,yes,
US,AD07JWVR8P,yes,
US,AD07YT6H8G,yes,
US,AD0088G6M8,yes,
US,AD007Y6P6T,yes,
US,AD09H99Y8K,yes,
US,AD08KWGDMJ,yes,
US,AD008JASYP,yes,
US,AD08E6WOVX,yes,
US,AD07SG8ZQQ,yes,
US,AD00878TVI,yes,
US,AD00DY8WOF,no,True
US,AD098LFK6D,yes,
US,AD07D8Q8FK,yes,
US,AD00KAE8HZ,yes,
US,AD098J88QF,yes,
US,AD089F68XF,yes,
US,AD00WL8OSD,yes,
US,AD0086JHX7,no,True
US,AD0786QHYJ,no,True
US,AD00968JLF,yes,
US,AD008SAYKJ,yes,
US,AD07GJV6CT,yes,
US,AD00PQ8UH0,yes,
US,AD09GK8Q88,yes,
US,AD079N87GK,yes,
US,AD007L0DON,no,True
US,AD08M68FEC,yes,
US,AD08786LRD,yes,
US,AD07W8MC86,yes,
US,AD07LGF9KW,yes,
US,AD08EM6TJ8,yes,
US,AD098Y8RT8,yes,
US,AD000HGUXZ,yes,
US,AD098T8WXN,yes,
US,AD078XRYC8,yes,
US,AD08LXADO9,yes,
US,AD008889LC,no,True
US,AD00GZHF8Y,yes,
US,AD07WQ8VZK,yes,
US,AD08N08APQ,yes,
US,AD08TK98QK,yes,
US,AD0788QD88,yes,
US,AD08I8PGCF,yes,
US,AD08N8S9VY,yes,
US,AD00YTOO80,yes,
US,AD07KW6T86,yes,
US,AD00KXZRS,yes,
US,AD00KO8W98,yes,
US,AD0878NKHH,yes,
US,AD00080IS,yes,
US,AD008L6DI9,yes,
US,AD00NENWQF,yes,
US,AD008I8IKI,yes,
US,AD00CYG8L0,yes,
US,AD07RP8LRX,yes,
US,AD08697T8P,yes,
US,AD07P88JYC,yes,
US,AD07NXSHHK,no,False
US,AD088TNTXQ,yes,
US,AD07HJD8QQ,yes,
US,AD07XG6KCV,yes,
US,AD00088789,yes,
US,AD0088888W,yes,
US,AD088ZMI0X,yes,
US,AD00SYR7K8,yes,
US,AD08M6GWRG,yes,
US,AD00CF808Q,yes,
US,AD08HNTFEU,yes,
US,AD007XIMIV,yes,
US,AD07F886YG,yes,
US,AD078FH8NL,yes,
US,AD07L6FJGR,yes,
US,AD008M8XJ8,yes,
US,AD0080JL8E,yes,
US,AD098LV8QZ,yes,
US,AD08PCLHN0,yes,
US,AD087GZTNH,yes,
US,AD08PVYFC8,yes,
US,AD098CM8JV,yes,
US,AD0888CPM8,yes,
US,AD008LD08T,yes,
US,AD07FMFGGN,yes,
US,AD07L8PX8C,yes,
US,AD08DYWLT8,yes,
US,AD008G9E9F,yes,
US,AD07D88868,yes,
US,AD008E8HJV,yes,
US,AD00DH8J88,yes,
US,AD08M8YQR8,yes,
US,AD08RD8LZD,yes,
US,AD08888PTS,yes,
US,AD08G8SKDH,no,True
US,AD00QYF880,no,False
US,AD0878Y8DJ,yes,
US,AD00AQ709J,yes,
US,AD08GSTWDW,yes,
US,AD09867S88,yes,
US,AD08Y6DOEW,yes,
US,AD08D8N88H,yes,
US,AD08889SD8,yes,
US,AD089JCPQQ,yes,
US,AD08788DRY,yes,
US,AD00DN8VCA,yes,
US,AD07TSQLZ,yes,
US,AD07Q8CDJW,yes,
US,AD08R88WY8,yes,
US,AD08JGR89I,yes,
US,AD0087CP7F,yes,
US,AD078J68RY,yes,
US,AD07G8NVN8,yes,
US,AD08J8S8KC,yes,
US,AD07888ZS8,yes,
US,AD076G9PFC,yes,
US,AD008KWTJ8,yes,
US,AD008Q8QQN,yes,
US,AD08888H8Q,no,True
US,AD08J88FMI,no,True
US,AD07DJ7T8R,yes,
US,AD07VL8NJQ,yes,
US,AD08N7DTD9,yes,
US,AD00DSE6J8,yes,
US,AD07H8QVJJ,yes,
US,AD087PW98Z,no,True
US,AD08GQ8ZO6,yes,
US,AD008PLQIQ,yes,
US,AD00O8WFHY,yes,
US,AD088R88YQ,yes,
US,AD07SGZWHV,yes,
US,AD07Q88MS8,yes,
US,AD07D8PVHW,no,True
US,AD00888WT6,yes,
US,AD08CTNRVF,yes,
US,AD07P8DQDH,yes,
US,AD07FMTFXM,no,True
US,AD008M8OC6,yes,
US,AD008LKVDR,yes,
US,AD07K8WHH8,yes,
US,AD07HSF8HT,yes,
US,AD008N7DQH,yes,
US,AD00ZWNG8O,yes,
US,AD08LWS988,yes,
US,AD00VUK89Y,yes,
US,AD08LVPGG8,no,False
US,AD07YCTJCD,yes,
US,AD087JNC8R,no,True
US,AD07KD8MGS,yes,
US,AD00HSC8JA,yes,
US,AD07WZGNJY,yes,
US,AD07879XP9,yes,
US,AD00JFV8X8,yes,
US,AD07888JGW,yes,
US,AD08FY6SCR,yes,
US,AD088IG7AO,yes,
US,AD07ZK8DZ8,yes,
US,AD008ID7WT,yes,
US,AD00679HRU,yes,
US,AD07ZK8FP8,yes,
US,AD00IH8RJA,no,True
US,AD07QFC97X,yes,
US,AD00U08U60,yes,
US,AD00IO9PMD,no,True
US,AD008W0O8J,no,True
US,AD08JHYXZ8,yes,
US,AD08CIUOFF,yes,
US,AD079XYQ79,yes,
US,AD07S8CRMK,yes,
US,AD00INOM8X,yes,
US,AD00HPZEMR,yes,
US,AD008O8TRZ,yes,
US,AD000MEKG8,yes,
US,AD000MN68C,no,True
US,AD06Y888FK,yes,
US,AD000UPEF8,yes,
US,AD0088OQEH,yes,
US,AD07KH7SLY,yes,
US,AD00JDTJNX,yes,
US,AD00C8FVXQ,yes,
US,AD007RA0ZA,no,True
US,AD07L8ZJM9,yes,
US,AD00LPE8EZ,yes,
US,AD08MXM88X,yes,
US,AD008OT89R,yes,
US,AD007M0J9V,yes,
US,AD06W9NKXZ,yes,
US,AD0088OUOQ,yes,
US,AD07NW8VXP,yes,
US,AD00GHAGGO,yes,
US,AD0888T8KM,no,True
US,AD076HTK8Y,yes,
US,AD0006DQHQ,yes,
US,AD07R8RJQK,yes,
US,AD07D8JMJP,yes,
US,AD086YYDL8,yes,
US,AD07QNL8YZ,yes,
US,AD09D6PRKX,no,True
US,AD008U8EUR,yes,
US,AD088Q6TGH,yes,
US,AD08DFXF8H,yes,
US,AD00OK8OTO,yes,
US,AD008O8A89,yes,
US,AD0977NKG9,yes,
US,AD078ZZLWM,yes,
US,AD00CJKJK8,yes,
US,AD088WMMHQ,yes,
US,AD08FLNZOK,yes,
US,AD08Y6G8F8,yes,
US,AD08788Q9V,no,False
US,AD08HMGQ8N,yes,
US,AD07ZK896S,no,True
US,AD000JFD8W,no,True
US,AD07C8PRQH,yes,
US,AD08XY789M,yes,
