week_id,ad_id,requester,region,recommendation_type,rec_provider
2021-week_45,AD08PSZ8X8,RelayFoods,JP,Qality,DNNQ
2021-week_45,AD00ZWLD88,RelayFoods,JP,Qality,DNNQ
2021-week_45,AD07ZJ8TT9,RelayFoods,JP,Qality,UserPopQ
2021-week_45,AD08GPWTCW,RelayFoods,JP,Qality,UserPopQ
2021-week_45,AD008FV6MK,RelayFoods,JP,Qality,DNNQ
2021-week_45,AD088JFZ78,RelayFoods,JP,Qality,DNNQ
2021-week_45,AD08SJ8DXN,RelayFoods,JP,Qality,DNNQ
2021-week_45,AD0088Z8DU,RelayFoods,JP,Qality,DNNQ
2021-week_45,AD078XC8RC,RelayFoods,JP,Qality,UserPopQ
2021-week_45,AD077D88FS,RelayFoods,JP,Qality,DNNQ
2021-week_45,AD078TCN8M,Pole Star,JP,Yield,UserPopY
2021-week_45,AD08HNC78W,RelayFoods,JP,Qality,DNNQ
2021-week_45,AD08M8LJ8Q,RelayFoods,JP,Qality,DNNQ
2021-week_45,AD008FN8YD,RelayFoods,JP,Qality,DNNQ
2021-week_45,AD0080DFK8,RelayFoods,JP,Qality,DNNQ
2021-week_45,AD00FZF98G,RelayFoods,JP,Qality,DNNQ
2021-week_45,AD07K77M88,RelayFoods,JP,Qality,DNNQ
2021-week_45,AD000FQPGX,Tab Solutions,JP,Qality,DNNQ
2021-week_45,AD07D77RNL,RelayFoods,JP,Qality,DNNQ
2021-week_45,AD00JLWM8E,RelayFoods,JP,Qality,DNNQ
2021-week_45,AD07888786,RelayFoods,JP,Qality,UserPopQ
2021-week_45,AD07P9P8N8,RelayFoods,JP,Qality,DNNQ
2021-week_45,AD0987CC86,Tab Solutions,JP,Qality,DNNQ
2021-week_45,AD000WSQQC,RelayFoods,JP,Qality,DNNQ
2021-week_45,AD08MF89O8,RelayFoods,JP,Qality,DNNQ
2021-week_45,AD08WRHT9V,RelayFoods,JP,Qality,DNNQ
2021-week_45,AD07ND87TW,RelayFoods,JP,Qality,DNNQ
2021-week_45,AD07ZKHQFG,RelayFoods,JP,Qality,DNNQ
2021-week_45,AD00M8OPQH,RelayFoods,JP,Qality,DNNQ
2021-week_45,AD09JZVV8W,LocalVox Media,JP,Yield,DNNY
2021-week_45,AD0889K8YD,RelayFoods,JP,Qality,DNNQ
2021-week_45,AD07F8RCSH,RelayFoods,JP,Qality,DNNQ
2021-week_45,AD0988887T,RelayFoods,JP,Qality,DNNQ
2021-week_45,AD07CWRS8M,RelayFoods,JP,Qality,DNNQ
2021-week_45,AD00LTPHRU,RelayFoods,JP,Qality,DNNQ
2021-week_45,AD08X769KT,RelayFoods,JP,Qality,DNNQ
2021-week_45,AD08CMJRTH,RelayFoods,JP,Qality,DNNQ
2021-week_45,AD08MT9YYG,RelayFoods,JP,Qality,DNNQ
2021-week_45,AD08M8JFH8,RelayFoods,JP,Qality,DNNQ
2021-week_45,AD00QLEUKJ,RelayFoods,JP,Qality,DNNQ
2021-week_45,AD08LXEZKQ,RelayFoods,JP,Qality,DNNQ
2021-week_45,AD008KGMY0,MoJoe Brewing Company,JP,Yield,UserPopY
2021-week_45,AD0879GYIX,RelayFoods,JP,Qality,DNNQ
2021-week_45,AD08CNT7NY,Tab Solutions,JP,Qality,DNNQ
2021-week_45,AD08GNXPYX,RelayFoods,JP,Qality,DNNQ
2021-week_45,AD078WDPZG,RelayFoods,JP,Qality,DNNQ
2021-week_45,AD00EN6QDS,Tab Solutions,JP,Qality,DNNQ
2021-week_45,AD098PXJGK,RelayFoods,JP,Qality,UserPopQ
2021-week_45,AD00OKXFWA,RelayFoods,JP,Qality,DNNQ
2021-week_45,AD00878H88,RelayFoods,JP,Qality,DNNQ
2021-week_45,AD07YYTRW8,RelayFoods,JP,Qality,DNNQ
2021-week_45,AD0088RE7Z,RelayFoods,JP,Qality,UserPopQ
2021-week_45,AD07QF86GD,RelayFoods,JP,Qality,DNNQ
2021-week_45,AD08FF8IQ9,RelayFoods,JP,Qality,UserPopQ
2021-week_45,AD088I888I,RelayFoods,JP,Qality,DNNQ
2021-week_45,AD0088RMEF,RelayFoods,JP,Qality,DNNQ
2021-week_45,AD076P68XD,RelayFoods,JP,Qality,DNNQ
2021-week_45,AD079TPMWG,RelayFoods,JP,Qality,DNNQ
2021-week_45,AD06XCM88Y,LocalVox Media,JP,Yield,DNNY
2021-week_45,AD07NVMJMJ,VarVee,JP,Yield,DNNY
2021-week_45,AD07Y668ZD,RelayFoods,JP,Qality,DNNQ
2021-week_45,AD07YV988Y,RelayFoods,JP,Qality,DNNQ
2021-week_45,AD00LUU88E,RelayFoods,JP,Qality,DNNQ
2021-week_45,AD008FUFVV,Tab Solutions,JP,Qality,DNNQ
2021-week_45,AD008G80M8,RelayFoods,JP,Qality,DNNQ
2021-week_45,AD07H88FGS,RelayFoods,JP,Qality,DNNQ
2021-week_45,AD096Z9DMT,RelayFoods,JP,Qality,DNNQ
2021-week_45,AD08E88IZI,RelayFoods,JP,Qality,UserPopQ
2021-week_45,AD08N8TUDQ,RelayFoods,JP,Qality,DNNQ
2021-week_45,AD0978SDPC,RelayFoods,JP,Qality,DNNQ
2021-week_45,AD008JQSHP,Tab Solutions,JP,Qality,DNNQ
2021-week_45,AD086H8J98,LocalVox Media,JP,Yield,DNNY
2021-week_45,AD08W8JL86,Tab Solutions,JP,Qality,DNNQ
2021-week_45,AD0098J78M,RelayFoods,JP,Qality,DNNQ
2021-week_45,AD0088LRSU,RelayFoods,JP,Qality,DNNQ
2021-week_45,AD09TG8W88,MoJoe Brewing Company,JP,Yield,RuleBasedY
2021-week_45,AD00E9OFD9,RelayFoods,JP,Qality,UserPopQ
2021-week_45,AD07TYJ88H,RelayFoods,JP,Qality,DNNQ
2021-week_45,AD0087K8YC,RelayFoods,JP,Qality,UserPopQ
2021-week_45,AD08WPGSCQ,RelayFoods,JP,Qality,DNNQ
2021-week_45,AD097CZHD8,MoJoe Brewing Company,JP,Yield,DNNY
2021-week_45,AD088C86SG,RelayFoods,JP,Qality,DNNQ
2021-week_45,AD07VXLP88,RelayFoods,JP,Qality,DNNQ
2021-week_45,AD008P77RJ,RelayFoods,JP,Qality,UserPopQ
2021-week_45,AD07D99888,RelayFoods,JP,Qality,UserPopQ
2021-week_45,AD07FRYS7M,RelayFoods,JP,Qality,DNNQ
2021-week_45,AD07T68GYM,Tab Solutions,JP,Qality,ManualY
2021-week_45,AD08M888NX,RelayFoods,JP,Qality,DNNQ
2021-week_45,AD000C8URO,RelayFoods,JP,Qality,DNNQ
2021-week_45,AD08DD8R86,VarVee,JP,Yield,DNNY
2021-week_45,AD088WGS87,RelayFoods,JP,Qality,DNNQ
2021-week_45,AD008GVMA8,RelayFoods,JP,Qality,DNNQ
2021-week_45,AD08J9PKSJ,RelayFoods,JP,Qality,DNNQ
2021-week_45,AD088J8L0E,RelayFoods,JP,Qality,DNNQ
2021-week_45,AD08D7DYG7,RelayFoods,JP,Qality,DNNQ
2021-week_45,AD07RPQT8G,RelayFoods,JP,Qality,DNNQ
2021-week_45,AD078JJQ87,RelayFoods,JP,Qality,DNNQ
2021-week_45,AD0088RJK0,RelayFoods,JP,Qality,DNNQ
2021-week_45,AD088D68SD,RelayFoods,JP,Qality,DNNQ
2021-week_45,AD07H8XGX8,RelayFoods,JP,Qality,DNNQ
2021-week_45,AD00KOTG7A,Tab Solutions,JP,Qality,UserPopQ
2021-week_45,AD088NH8X6,RelayFoods,JP,Qality,DNNQ
2021-week_45,AD08HQYLS6,RelayFoods,JP,Qality,UserPopQ
2021-week_45,AD098R8QKD,RelayFoods,JP,Qality,DNNQ
2021-week_45,AD008KEZML,RelayFoods,JP,Qality,DNNQ
2021-week_45,AD088D8LRX,RelayFoods,JP,Qality,UserPopQ
2021-week_45,AD07JW8ZHT,Tab Solutions,JP,Qality,DNNQ
2021-week_45,AD07CNFGG7,RelayFoods,JP,Qality,DNNQ
2021-week_45,AD07RZZPK8,RelayFoods,JP,Qality,DNNQ
2021-week_45,AD08GCMC86,RelayFoods,JP,Qality,DNNQ
2021-week_45,AD07NQG6NX,Tab Solutions,JP,Qality,DNNQ
2021-week_45,AD00D08T0N,RelayFoods,JP,Qality,DNNQ
2021-week_45,AD008HFJGV,RelayFoods,JP,Qality,DNNQ
2021-week_45,AD087CQWXL,RelayFoods,JP,Qality,DNNQ
2021-week_45,AD099DNGWR,RelayFoods,JP,Qality,DNNQ
2021-week_45,AD088STMCY,LocalVox Media,JP,Yield,RuleBasedY
2021-week_45,AD086PWWSP,RelayFoods,JP,Qality,DNNQ
2021-week_45,AD08JZM8P8,RelayFoods,JP,Qality,DNNQ
2021-week_45,AD07ZCSZMQ,RelayFoods,JP,Qality,DNNQ
2021-week_45,AD07LG98JN,iDreamsky Technology,JP,Qality,UserPopQ
2021-week_45,AD000PC87Y,Tab Solutions,JP,Qality,DNNQ
2021-week_45,AD088Y8S7X,RelayFoods,JP,Qality,DNNQ
2021-week_45,AD08MCZM9L,RelayFoods,JP,Qality,DNNQ
2021-week_45,AD0086FYQ6,RelayFoods,JP,Qality,DNNQ
2021-week_45,AD088WMRNS,RelayFoods,JP,Qality,DNNQ
2021-week_45,AD006YHWO8,RelayFoods,JP,Qality,DNNQ
2021-week_45,AD06XG88GQ,RelayFoods,JP,Qality,DNNQ
2021-week_45,AD007LQH8A,RelayFoods,JP,Qality,DNNQ
2021-week_45,AD07GVK8Z8,RelayFoods,JP,Qality,DNNQ
2021-week_45,AD07PVF8RF,RelayFoods,JP,Qality,DNNQ
2021-week_45,AD088HPWQ8,RelayFoods,JP,Qality,UserPopQ
2021-week_45,AD078KRDSM,RelayFoods,JP,Qality,DNNQ
2021-week_45,AD000WCEHH,MoJoe Brewing Company,JP,Yield,DNNY
2021-week_45,AD000W9H88,RelayFoods,JP,Qality,DNNQ
2021-week_45,AD08XW7ZJY,LocalVox Media,JP,Yield,DNNY
2021-week_45,AD098RHHNW,RelayFoods,JP,Qality,UserPopQ
2021-week_45,AD08KWQAQO,RelayFoods,JP,Qality,UserPopQ
2021-week_45,AD07HHV9TT,RelayFoods,JP,Qality,DNNQ
2021-week_45,AD08YDWSJR,RelayFoods,JP,Qality,DNNQ
2021-week_45,AD08X8SF7J,RelayFoods,JP,Qality,DNNQ
2021-week_45,AD008XYQSA,RelayFoods,JP,Qality,DNNQ
2021-week_45,AD08FLOEXG,RelayFoods,JP,Qality,UserPopQ
2021-week_45,AD0988CH78,RelayFoods,JP,Qality,DNNQ
2021-week_45,AD00MMX9KT,RelayFoods,JP,Qality,UserPopQ
2021-week_45,AD07PDD888,RelayFoods,JP,Qality,UserPopQ
2021-week_45,AD00EEEGJS,RelayFoods,JP,Qality,DNNQ
2021-week_45,AD07NG88T8,Search Million Culture,JP,Qality,DNNQ
2021-week_45,AD08C8M6XN,Tab Solutions,JP,Qality,DNNQ
2021-week_45,AD00Q8T0NJ,RelayFoods,JP,Qality,DNNQ
2021-week_45,AD07TJ8NW7,RelayFoods,JP,Qality,UserPopQ
2021-week_45,AD08K8YJOQ,RelayFoods,JP,Qality,UserPopQ
2021-week_45,AD08K8DK6S,RelayFoods,JP,Qality,DNNQ
2021-week_45,AD09NXXLZ8,LocalVox Media,JP,Yield,DNNY
2021-week_45,AD009D7RMT,RelayFoods,JP,Qality,DNNQ
2021-week_45,AD0088EVJ6,RelayFoods,JP,Qality,DNNQ
2021-week_45,AD08P8ZSY9,RelayFoods,JP,Qality,DNNQ
2021-week_45,AD008C8HNH,RelayFoods,JP,Qality,DNNQ
2021-week_45,AD07J8KH88,VarVee,JP,Yield,UserPopY
2021-week_45,AD008AHZET,RelayFoods,JP,Qality,DNNQ
2021-week_45,AD07TZG6FZ,RelayFoods,JP,Qality,DNNQ
2021-week_45,AD008CN889,RelayFoods,JP,Qality,UserPopQ
2021-week_45,AD07FYHNF8,RelayFoods,JP,Qality,DNNQ
2021-week_45,AD07D89RPW,MoJoe Brewing Company,JP,Yield,UserPopY
2021-week_45,AD08XXJST8,RelayFoods,JP,Qality,DNNQ
2021-week_45,AD00ZDPWZL,RelayFoods,JP,Qality,UserPopQ
2021-week_45,AD0888N9UV,RelayFoods,JP,Qality,DNNQ
2021-week_45,AD07V8MKSV,RelayFoods,JP,Qality,UserPopQ
2021-week_45,AD07DFRCVZ,RelayFoods,JP,Qality,UserPopQ
2021-week_45,AD008U08WW,RelayFoods,JP,Qality,DNNQ
2021-week_45,AD00CFVU8S,RelayFoods,JP,Qality,DNNQ
2021-week_45,AD08TQVX8R,RelayFoods,JP,Qality,DNNQ
2021-week_45,AD08NNSGCG,iDreamsky Technology,JP,Qality,DNNQ
2021-week_45,AD07QPM7RC,Tab Solutions,JP,Qality,DNNQ
2021-week_45,AD008JUJFS,RelayFoods,JP,Qality,UserPopQ
2021-week_45,AD089887HW,RelayFoods,JP,Qality,DNNQ
2021-week_45,AD07866RLD,RelayFoods,JP,Qality,DNNQ
2021-week_45,AD08L9G8P6,RelayFoods,JP,Qality,DNNQ
2021-week_45,AD07ML8JGY,RelayFoods,JP,Qality,DNNQ
2021-week_45,AD07N7QHK8,LocalVox Media,JP,Yield,UserPopY
2021-week_45,AD0088VR6D,RelayFoods,JP,Qality,DNNQ
2021-week_45,AD07SL876J,VarVee,JP,Yield,DNNY
2021-week_45,AD00A89II6,RelayFoods,JP,Qality,DNNQ
2021-week_45,AD078SL68H,RelayFoods,JP,Qality,DNNQ
2021-week_45,AD086CGKU8,RelayFoods,JP,Qality,DNNQ
2021-week_45,AD08N0Z0N8,RelayFoods,JP,Qality,DNNQ
2021-week_45,AD08EFMI9Y,Search Million Culture,JP,Qality,DNNQ
2021-week_45,AD08MJ8XRG,RelayFoods,JP,Qality,DNNQ
2021-week_45,AD008C8KL8,RelayFoods,JP,Qality,DNNQ
2021-week_45,AD08ATRL8G,RelayFoods,JP,Qality,DNNQ
2021-week_45,AD080UXNJR,RelayFoods,JP,Qality,UserPopQ
2021-week_45,AD07JMM8CF,RelayFoods,JP,Qality,DNNQ
2021-week_45,AD0888PLX6,RelayFoods,JP,Qality,DNNQ
2021-week_45,AD07ZTG87G,RelayFoods,JP,Qality,DNNQ
2021-week_45,AD008SEP9Y,RelayFoods,JP,Qality,DNNQ
2021-week_45,AD08WZQ8CG,RelayFoods,JP,Qality,DNNQ
2021-week_45,AD08TX88KK,RelayFoods,JP,Qality,DNNQ
2021-week_45,AD07TSVSSH,MoJoe Brewing Company,JP,Yield,DNNY
2021-week_45,AD07JMNDQN,RelayFoods,JP,Qality,DNNQ
2021-week_45,AD089SMJNJ,RelayFoods,JP,Qality,DNNQ
2021-week_45,AD08MSD8U8,RelayFoods,JP,Qality,DNNQ
2021-week_45,AD00YJG9N8,Tab Solutions,JP,Qality,DNNQ
2021-week_45,AD008IAOKO,RelayFoods,JP,Qality,DNNQ
2021-week_45,AD08MVZ8N8,RelayFoods,JP,Qality,DNNQ
2021-week_45,AD00FO8G88,RelayFoods,JP,Qality,DNNQ
2021-week_45,AD08C88WH7,RelayFoods,JP,Qality,DNNQ
2021-week_45,AD08ZSRM98,RelayFoods,JP,Qality,DNNQ
2021-week_45,AD088F8WC8,RelayFoods,JP,Qality,DNNQ
2021-week_45,AD07YWWGYX,Tab Solutions,JP,Qality,DNNQ
2021-week_45,AD008H88DP,RelayFoods,JP,Qality,UserPopQ
2021-week_45,AD07ZKKWPV,RelayFoods,JP,Qality,DNNQ
2021-week_45,AD08NCMN6W,RelayFoods,JP,Qality,DNNQ
2021-week_45,AD088EU86J,G-mode,JP,Qality,DNNQ
2021-week_45,AD078WXGV8,Tab Solutions,JP,Qality,DNNQ
2021-week_45,AD00888V0E,RelayFoods,JP,Qality,DNNQ
2021-week_45,AD0788LYFZ,RelayFoods,JP,Qality,DNNQ
2021-week_45,AD078N9VX8,RelayFoods,JP,Qality,DNNQ
2021-week_45,AD0989RLM9,RelayFoods,JP,Qality,DNNQ
2021-week_45,AD07LGWXY8,RelayFoods,JP,Qality,UserPopQ
2021-week_45,AD08VX88CY,RelayFoods,JP,Qality,UserPopQ
2021-week_45,AD08XTLWCQ,RelayFoods,JP,Qality,UserPopQ
2021-week_45,AD008TQF8,Search Million Culture,JP,Qality,UserPopQ
2021-week_45,AD07SVYVMW,RelayFoods,JP,Qality,DNNQ
2021-week_45,AD0988J8SL,RelayFoods,JP,Qality,DNNQ
2021-week_45,AD0077J8EY,RelayFoods,JP,Qality,DNNQ
2021-week_45,AD07FD78FK,RelayFoods,JP,Qality,UserPopQ
2021-week_45,AD00D8FZ6V,RelayFoods,JP,Qality,DNNQ
2021-week_45,AD07ZRXTVH,RelayFoods,JP,Qality,UserPopQ
2021-week_45,AD07L9MZ88,RelayFoods,JP,Qality,UserPopQ
2021-week_45,AD000COPG7,Search Million Culture,JP,Yield,UserPopY
2021-week_45,AD08H6MF6Z,G-mode,JP,Qality,DNNQ
2021-week_45,AD08H6MF6Z,Tab Solutions,JP,Qality,DNNQ
2021-week_45,AD08JTY96S,RelayFoods,JP,Qality,UserPopQ
2021-week_45,AD078JYDYX,RelayFoods,JP,Qality,DNNQ
2021-week_45,AD086VZNRS,RelayFoods,JP,Qality,DNNQ
2021-week_45,AD088GVVPJ,RelayFoods,JP,Qality,DNNQ
2021-week_45,AD07RT8G6H,RelayFoods,JP,Qality,DNNQ
2021-week_45,AD0988N8H8,LocalVox Media,JP,Yield,RuleBasedY
2021-week_45,AD07XQ8VTH,Tab Solutions,JP,Qality,DNNQ
2021-week_45,AD000IAA8X,Tab Solutions,JP,Qality,DNNQ
2021-week_45,AD00HAZXE7,RelayFoods,JP,Qality,DNNQ
2021-week_45,AD88889888,RelayFoods,JP,Qality,UserPopQ
2021-week_45,AD00AU8HPO,RelayFoods,JP,Qality,DNNQ
2021-week_45,AD07VNCR8N,RelayFoods,JP,Qality,DNNQ
2021-week_45,AD00NNGWMH,RelayFoods,JP,Qality,UserPopQ
2021-week_45,AD0888NCXR,RelayFoods,JP,Qality,DNNQ
2021-week_45,AD0088M8MM,RelayFoods,JP,Qality,DNNQ
2021-week_45,AD08HCNP7Y,RelayFoods,JP,Qality,UserPopQ
2021-week_45,AD078SVHZW,MoJoe Brewing Company,JP,Yield,UserPopY
2021-week_45,AD00NFDGOY,RelayFoods,JP,Qality,UserPopQ
2021-week_45,AD06X9SQMG,RelayFoods,JP,Qality,DNNQ
2021-week_45,AD07FVQSVY,RelayFoods,JP,Qality,DNNQ
2021-week_45,AD00O0W8HS,RelayFoods,JP,Qality,DNNQ
2021-week_45,AD07NG7R88,RelayFoods,JP,Qality,UserPopQ
2021-week_45,AD0988N8PF,RelayFoods,JP,Qality,DNNQ
2021-week_45,AD00VLN8S0,RelayFoods,JP,Qality,UserPopQ
2021-week_45,AD0768P7ZK,RelayFoods,JP,Qality,DNNQ
2021-week_45,AD00E9P888,Tab Solutions,JP,Qality,DNNQ
2021-week_45,AD008XM8KK,RelayFoods,JP,Qality,UserPopQ
2021-week_45,AD078ZC8XR,RelayFoods,JP,Qality,UserPopQ
2021-week_45,AD098DJC88,RelayFoods,JP,Qality,UserPopQ
2021-week_45,AD08JOAML8,RelayFoods,JP,Qality,UserPopQ
2021-week_45,AD0888L8RR,RelayFoods,JP,Qality,DNNQ
2021-week_45,AD08WX8YQR,G-mode,JP,Qality,UserPopQ
2021-week_45,AD08XGQS8G,RelayFoods,JP,Qality,DNNQ
2021-week_45,AD008V6C08,RelayFoods,JP,Qality,DNNQ
2021-week_45,AD0888GLKH,LocalVox Media,JP,Yield,DNNY
2021-week_45,AD08DXMG8U,RelayFoods,JP,Qality,DNNQ
2021-week_45,AD0786J87T,Tab Solutions,JP,Qality,DNNQ
2021-week_45,AD08LL8SQ8,iDreamsky Technology,JP,Qality,UserPopQ
2021-week_45,AD08R8J7W8,RelayFoods,JP,Qality,DNNQ
2021-week_45,AD008788T8,RelayFoods,JP,Qality,DNNQ
2021-week_45,AD088Z8GT8,RelayFoods,JP,Qality,DNNQ
2021-week_45,AD008NJE8I,RelayFoods,JP,Qality,DNNQ
2021-week_45,AD07SSG8C9,RelayFoods,JP,Qality,DNNQ
2021-week_45,AD008V88EZ,RelayFoods,JP,Qality,DNNQ
2021-week_45,AD00QZ89OS,RelayFoods,JP,Qality,UserPopQ
2021-week_45,AD07TCK8MH,RelayFoods,JP,Qality,DNNQ
2021-week_45,AD008ORKL8,MoJoe Brewing Company,JP,Yield,DNNY
2021-week_45,AD08AFS9Q8,Tab Solutions,JP,Qality,DNNQ
2021-week_45,AD008GUZYI,RelayFoods,JP,Qality,UserPopQ
2021-week_45,AD08WLJGQH,RelayFoods,JP,Qality,DNNQ
2021-week_45,AD00R8IV7X,RelayFoods,JP,Qality,DNNQ
2021-week_45,AD08HYHWMX,RelayFoods,JP,Qality,DNNQ
2021-week_45,AD07G887GX,Pole Star,JP,Yield,DNNY
2021-week_45,AD0076UEZM,RelayFoods,JP,Qality,DNNQ
2021-week_45,AD06XKVXNJ,Tab Solutions,JP,Qality,UserPopQ
2021-week_45,AD008NP8C8,RelayFoods,JP,Qality,DNNQ
2021-week_45,AD088Y888H,RelayFoods,JP,Qality,DNNQ
2021-week_45,AD00UN8TF6,RelayFoods,JP,Qality,DNNQ
2021-week_45,AD07XWXW9W,RelayFoods,JP,Qality,DNNQ
2021-week_45,AD0768NM8L,RelayFoods,JP,Qality,DNNQ
2021-week_45,AD07M8VL6C,Modanisa,JP,Qality,DNNQ
2021-week_45,AD00LVDQ9P,RelayFoods,JP,Qality,DNNQ
2021-week_45,AD07HRH88S,Tab Solutions,JP,Qality,UserPopQ
2021-week_45,AD00KR7MT9,RelayFoods,JP,Qality,DNNQ
2021-week_45,AD0888ZGDW,RelayFoods,JP,Qality,DNNQ
2021-week_45,AD089X8JWK,RelayFoods,JP,Qality,DNNQ
2021-week_45,AD0006L08I,RelayFoods,JP,Qality,DNNQ
2021-week_45,AD008888S,RelayFoods,JP,Qality,DNNQ
2021-week_45,AD00AHUHA8,RelayFoods,JP,Qality,DNNQ
2021-week_45,AD00UL9GR8,RelayFoods,JP,Qality,DNNQ
2021-week_45,AD00MF97WL,RelayFoods,JP,Qality,DNNQ
2021-week_45,AD08XGJPYP,RelayFoods,JP,Qality,DNNQ
2021-week_45,AD08THX8HG,RelayFoods,JP,Qality,DNNQ
2021-week_45,AD00EHMY8W,RelayFoods,JP,Qality,DNNQ
2021-week_45,AD08K8DSWY,RelayFoods,JP,Qality,DNNQ
2021-week_45,AD08G8E8UR,RelayFoods,JP,Qality,DNNQ
2021-week_45,AD07ZD9DGW,RelayFoods,JP,Qality,DNNQ
2021-week_45,AD08GCCHSQ,RelayFoods,JP,Qality,UserPopQ
2021-week_45,AD07TD8GHX,RelayFoods,JP,Qality,DNNQ
2021-week_45,AD07PRNLDF,LocalVox Media,JP,Yield,RuleBasedY
2021-week_45,AD07Y8H87S,RelayFoods,JP,Qality,UserPopQ
2021-week_45,AD076FR8DD,LocalVox Media,JP,Yield,DNNY
2021-week_45,AD07NN8GF8,Tab Solutions,JP,Qality,DNNQ
2021-week_45,AD08FW89M8,RelayFoods,JP,Qality,DNNQ
2021-week_45,AD0076TUF0,VarVee,JP,Yield,DNNY
2021-week_45,AD088GMRDS,RelayFoods,JP,Qality,DNNQ
2021-week_45,AD008QUFIN,RelayFoods,JP,Qality,DNNQ
2021-week_45,AD008GZD6P,RelayFoods,JP,Qality,DNNQ
2021-week_45,AD078PCGVV,RelayFoods,JP,Qality,UserPopQ
2021-week_45,AD00G8YA99,RelayFoods,JP,Qality,UserPopQ
2021-week_45,AD00888HUP,RelayFoods,JP,Qality,DNNQ
2021-week_45,AD08C78CDS,RelayFoods,JP,Qality,DNNQ
2021-week_45,AD08N0GHS8,RelayFoods,JP,Qality,DNNQ
2021-week_45,AD008VTJXS,RelayFoods,JP,Qality,DNNQ
2021-week_45,AD008EI8Q8,RelayFoods,JP,Qality,UserPopQ
2021-week_45,AD00QK889L,RelayFoods,JP,Qality,UserPopQ
2021-week_45,AD00L9Z8SP,RelayFoods,JP,Qality,DNNQ
2021-week_45,AD06ZZCJZV,RelayFoods,JP,Qality,UserPopQ
2021-week_45,AD0878OPGV,RelayFoods,JP,Qality,DNNQ
2021-week_45,AD07GKXFZ6,RelayFoods,JP,Qality,DNNQ
2021-week_45,AD00MIIUNE,RelayFoods,JP,Qality,DNNQ
2021-week_45,AD0088NA8A,RelayFoods,JP,Qality,DNNQ
2021-week_45,AD07K9ZFT9,RelayFoods,JP,Qality,DNNQ
2021-week_45,AD077QQJTF,RelayFoods,JP,Qality,DNNQ
2021-week_45,AD07T8JC68,RelayFoods,JP,Qality,DNNQ
2021-week_45,AD08L9VR97,RelayFoods,JP,Qality,DNNQ
2021-week_45,AD07HZK8G8,Tab Solutions,JP,Qality,DNNQ
2021-week_45,AD008PN86K,RelayFoods,JP,Qality,UserPopQ
2021-week_45,AD00PASP8C,RelayFoods,JP,Qality,DNNQ
2021-week_45,AD07DFSX88,RelayFoods,JP,Qality,DNNQ
2021-week_45,AD0868JV8J,RelayFoods,JP,Qality,DNNQ
2021-week_45,AD08N8PPVS,RelayFoods,JP,Qality,DNNQ
2021-week_45,AD076FPJ8Q,RelayFoods,JP,Qality,UserPopQ
2021-week_45,AD08ZSJPXR,RelayFoods,JP,Qality,DNNQ
2021-week_45,AD07TC8VQM,RelayFoods,JP,Qality,DNNQ
2021-week_45,AD0008K9FQ,RelayFoods,JP,Qality,DNNQ
2021-week_45,AD08L687PM,RelayFoods,JP,Qality,DNNQ
2021-week_45,AD087E8TK,Tab Solutions,JP,Qality,DNNQ
2021-week_45,AD07SRJKJC,RelayFoods,JP,Qality,DNNQ
2021-week_45,AD0060YE78,RelayFoods,JP,Qality,DNNQ
2021-week_45,AD00N8J88M,RelayFoods,JP,Qality,DNNQ
2021-week_45,AD07PRFR9G,RelayFoods,JP,Qality,DNNQ
2021-week_45,AD08GKHTFR,RelayFoods,JP,Qality,DNNQ
2021-week_45,AD08L8CUPO,RelayFoods,JP,Qality,DNNQ
2021-week_45,AD07C8R8DN,RelayFoods,JP,Qality,DNNQ
2021-week_45,AD008PH888,RelayFoods,JP,Qality,DNNQ
2021-week_45,AD00L9X8KR,RelayFoods,JP,Qality,DNNQ
2021-week_45,AD08R9F8ZK,RelayFoods,JP,Qality,DNNQ
2021-week_45,AD08HCJ8H6,RelayFoods,JP,Qality,DNNQ
2021-week_45,AD07H8FF8T,RelayFoods,JP,Qality,UserPopQ
2021-week_45,AD07YS8XFQ,RelayFoods,JP,Qality,DNNQ
2021-week_45,AD00F8MGSU,RelayFoods,JP,Qality,DNNQ
2021-week_45,AD00L8W8YS,RelayFoods,JP,Qality,UserPopQ
2021-week_45,AD08MQ8RSD,RelayFoods,JP,Qality,DNNQ
2021-week_45,AD08NCYQ68,RelayFoods,JP,Qality,DNNQ
2021-week_45,AD088878AC,RelayFoods,JP,Qality,DNNQ
2021-week_45,AD07RRMLVW,RelayFoods,JP,Qality,DNNQ
2021-week_45,AD08LK8S8R,RelayFoods,JP,Qality,UserPopQ
2021-week_45,AD07CMM8KV,RelayFoods,JP,Qality,DNNQ
2021-week_45,AD07VCF8VM,iDreamsky Technology,JP,Qality,DNNQ
2021-week_45,AD07CN8XRD,RelayFoods,JP,Qality,DNNQ
2021-week_45,AD098VML8R,RelayFoods,JP,Qality,DNNQ
2021-week_45,AD08P8VNJ9,RelayFoods,JP,Qality,DNNQ
2021-week_45,AD0979X7M9,RelayFoods,JP,Qality,DNNQ
2021-week_45,AD00Q8RY8P,RelayFoods,JP,Qality,DNNQ
2021-week_45,AD07NPJ98X,RelayFoods,JP,Qality,UserPopQ
2021-week_45,AD078VT8K,Tab Solutions,JP,Qality,DNNQ
2021-week_45,AD08EROV9W,RelayFoods,JP,Qality,DNNQ
2021-week_45,AD008XDKP0,RelayFoods,JP,Qality,DNNQ
2021-week_45,AD09C8DKC8,RelayFoods,JP,Qality,DNNQ
2021-week_45,AD077GNRRM,MoJoe Brewing Company,JP,Yield,DNNY
2021-week_45,AD00RGLX7K,RelayFoods,JP,Qality,DNNQ
2021-week_45,AD07XWHSVF,RelayFoods,JP,Qality,DNNQ
2021-week_45,AD086WDN8T,RelayFoods,JP,Qality,DNNQ
2021-week_45,AD008MUCG6,RelayFoods,JP,Qality,DNNQ
2021-week_45,AD078C88GS,RelayFoods,JP,Qality,DNNQ
2021-week_45,AD08EXK0CX,RelayFoods,JP,Qality,UserPopQ
2021-week_45,AD08WW9YTY,RelayFoods,JP,Qality,DNNQ
2021-week_45,AD0988ZZ8S,LocalVox Media,JP,Yield,DNNY
2021-week_45,AD008L8I8S,RelayFoods,JP,Qality,UserPopQ
2021-week_45,AD07F8FL78,RelayFoods,JP,Qality,DNNQ
2021-week_45,AD07K7V8SW,MoJoe Brewing Company,JP,Yield,DNNY
2021-week_45,AD0080AOD6,RelayFoods,JP,Qality,UserPopQ
2021-week_45,AD08GLHZZV,RelayFoods,JP,Qality,DNNQ
2021-week_45,AD08KXYQKC,LocalVox Media,JP,Yield,DNNY
2021-week_45,AD078788JX,Tab Solutions,JP,Qality,DNNQ
2021-week_45,AD000FQMIF,RelayFoods,JP,Qality,DNNQ
2021-week_45,AD00S7SS6X,RelayFoods,JP,Qality,DNNQ
2021-week_45,AD008PU0MM,RelayFoods,JP,Qality,DNNQ
2021-week_45,AD07ZFM8SV,RelayFoods,JP,Qality,DNNQ
2021-week_45,AD08L86L7L,RelayFoods,JP,Qality,UserPopQ
2021-week_45,AD0078F08U,RelayFoods,JP,Qality,DNNQ
2021-week_45,AD00TCXWNK,RelayFoods,JP,Qality,DNNQ
2021-week_45,AD086TJ6,RelayFoods,JP,Qality,DNNQ
2021-week_45,AD07P9C8ZD,RelayFoods,JP,Qality,UserPopQ
2021-week_45,AD088H8KVX,Tab Solutions,JP,Qality,ManualQ
2021-week_45,AD0889NLL8,RelayFoods,JP,Qality,UserPopQ
2021-week_45,AD0886W8L8,RelayFoods,JP,Qality,DNNQ
2021-week_45,AD00N8NV8K,MoJoe Brewing Company,JP,Yield,DNNY
2021-week_45,AD08MQN9SZ,RelayFoods,JP,Qality,DNNQ
2021-week_45,AD07MW988W,MoJoe Brewing Company,JP,Yield,UserPopY
2021-week_45,AD07YXGVCY,Tab Solutions,JP,Qality,DNNQ
2021-week_45,AD077QKYDH,Tab Solutions,JP,Qality,DNNQ
2021-week_45,AD088FYYK8,RelayFoods,JP,Qality,UserPopQ
2021-week_45,AD088KCZ8Y,RelayFoods,JP,Qality,DNNQ
2021-week_45,AD08F8QCCG,RelayFoods,JP,Qality,UserPopQ
2021-week_45,AD00DIYXSL,RelayFoods,JP,Qality,DNNQ
2021-week_45,AD008PGYQ8,RelayFoods,JP,Qality,DNNQ
2021-week_45,AD089WQYR8,RelayFoods,JP,Qality,UserPopQ
2021-week_45,AD0779MWWM,RelayFoods,JP,Qality,DNNQ
2021-week_45,AD078MJJ88,RelayFoods,JP,Qality,DNNQ
2021-week_45,AD07D6Y8YW,RelayFoods,JP,Qality,DNNQ
2021-week_45,AD0080SELM,G-mode,JP,Qality,UserPopQ
2021-week_45,AD07LCD889,RelayFoods,JP,Qality,UserPopQ
2021-week_45,AD07ZRM8ZY,LocalVox Media,JP,Yield,UserPopY
2021-week_45,AD086M8OIS,Tab Solutions,JP,Qality,DNNQ
2021-week_45,AD07F86M7R,RelayFoods,JP,Qality,DNNQ
2021-week_45,AD008O68JV,RelayFoods,JP,Qality,DNNQ
2021-week_45,AD08HPNY87,RelayFoods,JP,Qality,DNNQ
2021-week_45,AD0088UK06,Tab Solutions,JP,Qality,DNNQ
2021-week_45,AD07C88LT,RelayFoods,JP,Qality,DNNQ
2021-week_45,AD000FQRLJ,RelayFoods,JP,Qality,DNNQ
2021-week_45,AD000FQV8F,RelayFoods,JP,Qality,DNNQ
2021-week_45,AD07PVJHLR,RelayFoods,JP,Qality,UserPopQ
2021-week_45,AD00TJJMJE,RelayFoods,JP,Qality,UserPopQ
2021-week_45,AD0099MUKX,RelayFoods,JP,Qality,DNNQ
2021-week_45,AD07XHCMLM,RelayFoods,JP,Qality,DNNQ
2021-week_45,AD07N8GYFQ,RelayFoods,JP,Qality,DNNQ
2021-week_45,AD00NI9H79,RelayFoods,JP,Qality,DNNQ
2021-week_45,AD00Q8TU66,Tab Solutions,JP,Qality,DNNQ
2021-week_45,AD08LAWWZ8,RelayFoods,JP,Qality,UserPopQ
2021-week_45,AD008KM80U,RelayFoods,JP,Qality,UserPopQ
2021-week_45,AD08F8L8SL,RelayFoods,JP,Qality,DNNQ
2021-week_45,AD08AT8LOL,RelayFoods,JP,Qality,DNNQ
2021-week_45,AD08YS6G8Y,RelayFoods,JP,Qality,DNNQ
2021-week_45,AD07PPZDJ8,RelayFoods,JP,Qality,DNNQ
2021-week_45,AD08M69DV8,RelayFoods,JP,Qality,DNNQ
2021-week_45,AD08NTMX88,RelayFoods,JP,Qality,UserPopQ
2021-week_45,AD08888LS9,RelayFoods,JP,Qality,UserPopQ
2021-week_45,AD07YH8Z6X,RelayFoods,JP,Qality,UserPopQ
2021-week_45,AD07X8XMYK,RelayFoods,JP,Qality,DNNQ
2021-week_45,AD079N8GR8,RelayFoods,JP,Qality,DNNQ
2021-week_45,AD08G8VNJ8,RelayFoods,JP,Qality,DNNQ
2021-week_45,AD07GC8Z7P,MoJoe Brewing Company,JP,Yield,DNNY
2021-week_45,AD0768P88K,RelayFoods,JP,Qality,DNNQ
2021-week_45,AD07K8W8R8,RelayFoods,JP,Qality,UserPopQ
2021-week_45,AD00MO8AQR,Tab Solutions,JP,Qality,DNNQ
2021-week_45,AD07N7J6XZ,RelayFoods,JP,Qality,DNNQ
2021-week_45,AD08TH87HP,MoJoe Brewing Company,JP,Yield,DNNY
2021-week_45,AD0876RT6F,RelayFoods,JP,Qality,DNNQ
2021-week_45,AD07CWQQ88,RelayFoods,JP,Qality,DNNQ
2021-week_45,AD00GH6VH8,RelayFoods,JP,Qality,DNNQ
2021-week_45,AD06WV98QQ,RelayFoods,JP,Qality,DNNQ
2021-week_45,AD08868YZ0,RelayFoods,JP,Qality,DNNQ
2021-week_45,AD07YXS8L,RelayFoods,JP,Qality,DNNQ
2021-week_45,AD00GXYSDU,RelayFoods,JP,Qality,DNNQ
2021-week_45,AD07V87J8N,RelayFoods,JP,Qality,DNNQ
2021-week_45,AD07ZRDGRW,RelayFoods,JP,Qality,UserPopQ
2021-week_45,AD00EAFCCQ,MoJoe Brewing Company,JP,Yield,DNNY
2021-week_45,AD008T98O6,RelayFoods,JP,Qality,DNNQ
2021-week_45,AD098KWTWP,RelayFoods,JP,Qality,DNNQ
2021-week_45,AD07JNZHWF,RelayFoods,JP,Qality,DNNQ
2021-week_45,AD00XO8TN8,RelayFoods,JP,Qality,DNNQ
2021-week_45,AD00HZZHNX,RelayFoods,JP,Qality,DNNQ
2021-week_45,AD08CKMLQ9,RelayFoods,JP,Qality,DNNQ
2021-week_45,AD07CRCYFP,RelayFoods,JP,Qality,UserPopQ
2021-week_45,AD000KJIA8,RelayFoods,JP,Qality,DNNQ
2021-week_45,AD0888U8O6,RelayFoods,JP,Qality,DNNQ
2021-week_45,AD07GWQZK,RelayFoods,JP,Qality,DNNQ
2021-week_45,AD08FF888N,RelayFoods,JP,Qality,DNNQ
2021-week_45,AD08SJ8V8W,RelayFoods,JP,Qality,UserPopQ
2021-week_45,AD00HA80KU,RelayFoods,JP,Qality,DNNQ
2021-week_45,AD07D7YKN9,RelayFoods,JP,Qality,DNNQ
2021-week_45,AD088Q88YZ,RelayFoods,JP,Qality,DNNQ
2021-week_45,AD08K8NTXZ,RelayFoods,JP,Qality,DNNQ
2021-week_45,AD00VPILYK,RelayFoods,JP,Qality,DNNQ
2021-week_45,AD0088MVYI,RelayFoods,JP,Qality,DNNQ
2021-week_45,AD0788Y886,RelayFoods,JP,Qality,DNNQ
2021-week_45,AD08LDXCNW,RelayFoods,JP,Qality,DNNQ
2021-week_45,AD07KG6P8G,RelayFoods,JP,Qality,DNNQ
2021-week_45,AD07T97DKS,Tab Solutions,JP,Qality,DNNQ
2021-week_45,AD0768KHRP,RelayFoods,JP,Qality,DNNQ
2021-week_45,AD07WRSTV7,MoJoe Brewing Company,JP,Yield,DNNY
2021-week_45,AD08NP9D8P,RelayFoods,JP,Qality,DNNQ
2021-week_45,AD07V88Y78,RelayFoods,JP,Qality,DNNQ
2021-week_45,AD08MYNGSK,RelayFoods,JP,Qality,DNNQ
2021-week_45,AD07RMQ8XK,MoJoe Brewing Company,JP,Yield,DNNY
2021-week_45,AD08G788TP,RelayFoods,JP,Qality,DNNQ
2021-week_45,AD079HTLTC,RelayFoods,JP,Qality,DNNQ
2021-week_45,AD076MN8ML,RelayFoods,JP,Qality,UserPopQ
2021-week_45,AD08GTFH07,RelayFoods,JP,Qality,DNNQ
2021-week_45,AD00DOR7CF,MoJoe Brewing Company,JP,Yield,DNNY
2021-week_45,AD008AX7W8,RelayFoods,JP,Qality,DNNQ
2021-week_45,AD008EHYH0,RelayFoods,JP,Qality,DNNQ
2021-week_45,AD008IOJGU,RelayFoods,JP,Qality,UserPopQ
2021-week_45,AD00YOU8AG,RelayFoods,JP,Qality,UserPopQ
2021-week_45,AD08CTWLSH,RelayFoods,JP,Qality,DNNQ
2021-week_45,AD008F68MW,Tab Solutions,JP,Qality,DNNQ
2021-week_45,AD07VCPC8X,Search Million Culture,JP,Qality,DNNQ
2021-week_45,AD08RXY8F8,MoJoe Brewing Company,JP,Yield,DNNY
2021-week_45,AD88889070,RelayFoods,JP,Qality,UserPopQ
2021-week_45,AD07HWV8FW,RelayFoods,JP,Qality,DNNQ
2021-week_45,AD08N9C9AS,RelayFoods,JP,Qality,DNNQ
2021-week_45,AD08GFYWLG,RelayFoods,JP,Qality,DNNQ
2021-week_45,AD08E8W8CH,RelayFoods,JP,Qality,UserPopQ
2021-week_45,AD08LXSMSY,RelayFoods,JP,Qality,DNNQ
2021-week_45,AD07F8QKLT,RelayFoods,JP,Qality,DNNQ
2021-week_45,AD08G6IKXL,Tab Solutions,JP,Qality,UserPopQ
2021-week_45,AD08G8R8DZ,RelayFoods,JP,Qality,DNNQ
2021-week_45,AD00ATVEF8,RelayFoods,JP,Qality,DNNQ
2021-week_45,AD08GQP8FG,RelayFoods,JP,Qality,DNNQ
2021-week_45,AD07M8S998,RelayFoods,JP,Qality,UserPopQ
2021-week_45,AD078XSF8D,RelayFoods,JP,Qality,DNNQ
2021-week_45,AD08898VJ8,MoJoe Brewing Company,JP,Yield,DNNY
2021-week_45,AD00DLWQ7L,RelayFoods,JP,Qality,UserPopQ
2021-week_45,AD09FTMRCF,LocalVox Media,JP,Yield,DNNY
2021-week_45,AD098NDT88,RelayFoods,JP,Qality,DNNQ
2021-week_45,AD08M8080Q,RelayFoods,JP,Qality,UserPopQ
2021-week_45,AD0879GZYF,RelayFoods,JP,Qality,DNNQ
2021-week_45,AD00O8YD8K,RelayFoods,JP,Qality,UserPopQ
2021-week_45,AD07RQ9M88,RelayFoods,JP,Qality,UserPopQ
2021-week_45,AD078JTYPD,RelayFoods,JP,Qality,DNNQ
2021-week_45,AD088NQPZ7,RelayFoods,JP,Qality,DNNQ
2021-week_45,AD088Q6X8J,RelayFoods,JP,Qality,DNNQ
2021-week_45,AD07YF7LV7,RelayFoods,JP,Qality,DNNQ
2021-week_45,AD00QSXEHY,Tab Solutions,JP,Qality,UserPopQ
2021-week_45,AD088P7Q8M,MoJoe Brewing Company,JP,Yield,DNNY
2021-week_45,AD00GV8WDV,RelayFoods,JP,Qality,DNNQ
2021-week_45,AD08KT8XJN,RelayFoods,JP,Qality,DNNQ
2021-week_45,AD078V7QVS,RelayFoods,JP,Qality,DNNQ
2021-week_45,AD078NZ88G,RelayFoods,JP,Qality,UserPopQ
2021-week_45,AD07LCLGFJ,RelayFoods,JP,Qality,DNNQ
2021-week_45,AD000Z7WVZ,RelayFoods,JP,Qality,DNNQ
2021-week_45,AD0088FFX7,RelayFoods,JP,Qality,UserPopQ
2021-week_45,AD088H8W7P,RelayFoods,JP,Qality,DNNQ
2021-week_45,AD08QFNNXF,RelayFoods,JP,Qality,DNNQ
2021-week_45,AD088KQ8WY,RelayFoods,JP,Qality,DNNQ
2021-week_45,AD08H6MF6Z,VarVee,JP,Yield,DNNY
2021-week_45,AD08DTJ8L8,RelayFoods,JP,Qality,DNNQ
2021-week_45,AD08FX88S8,RelayFoods,JP,Qality,DNNQ
2021-week_45,AD00I8NW7R,Pole Star,JP,Qality,DNNQ
2021-week_45,AD07KJ6R88,RelayFoods,JP,Qality,UserPopQ
2021-week_45,AD08MSAKYZ,RelayFoods,JP,Qality,DNNQ
2021-week_45,AD08Y8SHVK,RelayFoods,JP,Qality,DNNQ
2021-week_45,AD0988MMKV,RelayFoods,JP,Qality,DNNQ
2021-week_45,AD00P0IWDF,RelayFoods,JP,Qality,DNNQ
2021-week_45,AD078Y868K,RelayFoods,JP,Qality,DNNQ
2021-week_45,AD08YS8WHC,RelayFoods,JP,Qality,DNNQ
2021-week_45,AD088LX77J,RelayFoods,JP,Qality,DNNQ
2021-week_45,AD08C88GZ8,RelayFoods,JP,Qality,DNNQ
2021-week_45,AD088TZ87J,RelayFoods,JP,Qality,DNNQ
2021-week_45,AD008CF8WP,RelayFoods,JP,Qality,DNNQ
2021-week_45,AD07K6TRD,RelayFoods,JP,Qality,DNNQ
2021-week_45,AD08NT9VVF,RelayFoods,JP,Qality,UserPopQ
2021-week_45,AD078SP8F8,RelayFoods,JP,Qality,UserPopQ
2021-week_45,AD088MX8M8,Tab Solutions,JP,Qality,DNNQ
2021-week_45,AD08K8GNMZ,RelayFoods,JP,Qality,DNNQ
2021-week_45,AD00PTLELF,RelayFoods,JP,Qality,DNNQ
2021-week_45,AD08D9K8HG,RelayFoods,JP,Qality,DNNQ
2021-week_45,AD08FG8XN8,RelayFoods,JP,Qality,DNNQ
2021-week_45,AD008HOC0W,RelayFoods,JP,Qality,DNNQ
2021-week_45,AD000FQMYK,RelayFoods,JP,Qality,UserPopQ
2021-week_45,AD098FDT8K,RelayFoods,JP,Qality,DNNQ
2021-week_45,AD088NJ8LN,RelayFoods,JP,Qality,DNNQ
2021-week_45,AD08L8HTMQ,RelayFoods,JP,Qality,DNNQ
2021-week_45,AD07FSLMGL,RelayFoods,JP,Qality,DNNQ
2021-week_45,AD008V8W8L,RelayFoods,JP,Qality,UserPopQ
2021-week_45,AD08Z87LMT,RelayFoods,JP,Qality,DNNQ
2021-week_45,AD088KQRCG,LocalVox Media,JP,Yield,ManualY
2021-week_45,AD07Z78DQT,RelayFoods,JP,Qality,UserPopQ
2021-week_45,AD078M8TZG,RelayFoods,JP,Qality,UserPopQ
2021-week_45,AD008KYOCT,LocalVox Media,JP,Yield,RuleBasedY
2021-week_45,AD098CQSNZ,RelayFoods,JP,Qality,DNNQ
2021-week_45,AD00G6OCPG,RelayFoods,JP,Qality,DNNQ
2021-week_45,AD07J9YSYM,RelayFoods,JP,Qality,DNNQ
2021-week_45,AD00SFC888,RelayFoods,JP,Qality,DNNQ
2021-week_45,AD08GUP8ZU,RelayFoods,JP,Qality,DNNQ
2021-week_45,AD07DFK8X8,LocalVox Media,JP,Yield,DNNY
2021-week_45,AD06XXCSZZ,RelayFoods,JP,Qality,DNNQ
2021-week_45,AD089QFLM8,RelayFoods,JP,Qality,DNNQ
2021-week_45,AD06XTNKRJ,RelayFoods,JP,Qality,UserPopQ
2021-week_45,AD08N8KK80,RelayFoods,JP,Qality,DNNQ
2021-week_45,AD00YNIIPV,RelayFoods,JP,Qality,DNNQ
2021-week_45,AD077W8FV8,RelayFoods,JP,Qality,UserPopQ
2021-week_45,AD00VFFNQS,RelayFoods,JP,Qality,DNNQ
2021-week_45,AD086WHC76,RelayFoods,JP,Qality,DNNQ
2021-week_45,AD07T88T8V,RelayFoods,JP,Qality,DNNQ
2021-week_45,AD008JKV8W,RelayFoods,JP,Qality,DNNQ
2021-week_45,AD08KKHS08,RelayFoods,JP,Qality,UserPopQ
2021-week_45,AD098DT788,RelayFoods,JP,Qality,DNNQ
2021-week_45,AD00888FIL,RelayFoods,JP,Qality,DNNQ
2021-week_45,AD00E0EV8D,RelayFoods,JP,Qality,DNNQ
2021-week_45,AD076C98RT,Pole Star,JP,Yield,DNNY
2021-week_45,AD08LHXE7F,RelayFoods,JP,Qality,DNNQ
2021-week_45,AD00EU6VN6,RelayFoods,JP,Qality,DNNQ
2021-week_45,AD08XG8XJ8,Tab Solutions,JP,Qality,DNNQ
2021-week_45,AD00SM88SG,RelayFoods,JP,Qality,DNNQ
2021-week_45,AD088V8FXP,RelayFoods,JP,Qality,DNNQ
2021-week_45,AD076F8MLQ,RelayFoods,JP,Qality,DNNQ
2021-week_45,AD08WL8GFV,RelayFoods,JP,Qality,DNNQ
2021-week_45,AD07QZCN8W,RelayFoods,JP,Qality,UserPopQ
2021-week_45,AD08HGS8CX,RelayFoods,JP,Qality,DNNQ
2021-week_45,AD07SW868D,RelayFoods,JP,Qality,DNNQ
2021-week_45,AD078PKNMZ,RelayFoods,JP,Qality,DNNQ
2021-week_45,AD006QGGH8,RelayFoods,JP,Qality,DNNQ
2021-week_45,AD07XJ8WHH,RelayFoods,JP,Qality,DNNQ
2021-week_45,AD08LGRX86,RelayFoods,JP,Qality,DNNQ
2021-week_45,AD07JFXWQP,Tab Solutions,JP,Qality,UserPopQ
2021-week_45,AD07C8VDLR,RelayFoods,JP,Qality,DNNQ
2021-week_45,AD088PPV78,RelayFoods,JP,Qality,DNNQ
2021-week_45,AD000RYUMF,RelayFoods,JP,Qality,DNNQ
2021-week_45,AD08NGPJXW,RelayFoods,JP,Qality,UserPopQ
2021-week_45,AD078DSSM8,MoJoe Brewing Company,JP,Yield,DNNY
2021-week_45,AD08W8C8G8,RelayFoods,JP,Qality,UserPopQ
2021-week_45,AD08KM8CVC,RelayFoods,JP,Qality,DNNQ
2021-week_45,AD00IJUTUH,RelayFoods,JP,Qality,DNNQ
2021-week_45,AD00U8OZ80,RelayFoods,JP,Qality,DNNQ
2021-week_45,AD08887P9W,RelayFoods,JP,Qality,DNNQ
2021-week_45,AD078SMY9C,RelayFoods,JP,Qality,UserPopQ
2021-week_45,AD00808WX8,RelayFoods,JP,Qality,DNNQ
2021-week_45,AD098RJGFR,RelayFoods,JP,Qality,DNNQ
2021-week_45,AD0060H08H,RelayFoods,JP,Qality,UserPopQ
2021-week_45,AD00QLJ8VU,RelayFoods,JP,Qality,UserPopQ
2021-week_45,AD00ITL8YF,RelayFoods,JP,Qality,DNNQ
2021-week_45,AD088C68FF,RelayFoods,JP,Qality,DNNQ
2021-week_45,AD07QLTD87,Tab Solutions,JP,Qality,UserPopQ
2021-week_45,AD00768HCW,RelayFoods,JP,Qality,DNNQ
2021-week_45,AD07ZX7MGH,RelayFoods,JP,Qality,DNNQ
2021-week_45,AD009VFGFI,RelayFoods,JP,Qality,DNNQ
2021-week_45,AD078NQX6G,RelayFoods,JP,Qality,UserPopQ
2021-week_45,AD0776TNTG,RelayFoods,JP,Qality,UserPopQ
2021-week_45,AD08GC8Y08,RelayFoods,JP,Qality,UserPopQ
2021-week_45,AD0898DNYM,RelayFoods,JP,Qality,UserPopQ
2021-week_45,AD08A80N8I,RelayFoods,JP,Qality,DNNQ
2021-week_45,AD00789W78,RelayFoods,JP,Qality,DNNQ
2021-week_45,AD00X86NMX,RelayFoods,JP,Qality,DNNQ
2021-week_45,AD00AYMTE0,RelayFoods,JP,Qality,DNNQ
2021-week_45,AD07N8VW88,RelayFoods,JP,Qality,DNNQ
2021-week_45,AD088JSMV8,RelayFoods,JP,Qality,DNNQ
2021-week_45,AD00AYP8E6,RelayFoods,JP,Qality,DNNQ
2021-week_45,AD07N97Z8L,RelayFoods,JP,Qality,DNNQ
2021-week_45,AD088F96TR,RelayFoods,JP,Qality,DNNQ
2021-week_45,AD08QNDM7,RelayFoods,JP,Qality,DNNQ
2021-week_45,AD07MTGP88,Tab Solutions,JP,Qality,DNNQ
2021-week_45,AD07W7J876,RelayFoods,JP,Qality,UserPopQ
2021-week_45,AD077NDK7X,G-mode,JP,Qality,UserPopQ
2021-week_45,AD08PFK66K,RelayFoods,JP,Qality,UserPopQ
2021-week_45,AD08N0DC78,RelayFoods,JP,Qality,DNNQ
2021-week_45,AD089Q8ZMK,RelayFoods,JP,Qality,DNNQ
2021-week_45,AD00868C8F,Search Million Culture,JP,Qality,DNNQ
2021-week_45,AD00888ITZ,RelayFoods,JP,Qality,DNNQ
2021-week_45,AD08G88VPM,RelayFoods,JP,Qality,DNNQ
2021-week_45,AD07CJ98XT,RelayFoods,JP,Qality,UserPopQ
2021-week_45,AD08VDJJHS,RelayFoods,JP,Qality,DNNQ
2021-week_45,AD08GKW98Y,Tab Solutions,JP,Qality,DNNQ
2021-week_45,AD09FPG6X8,RelayFoods,JP,Qality,DNNQ
2021-week_45,AD00VW8JRF,RelayFoods,JP,Qality,DNNQ
2021-week_45,AD089IH9VP,RelayFoods,JP,Qality,DNNQ
2021-week_45,AD08N8HF8S,RelayFoods,JP,Qality,DNNQ
2021-week_45,AD07CWDP6Y,RelayFoods,JP,Qality,DNNQ
2021-week_45,AD078JJZY8,MoJoe Brewing Company,JP,Yield,DNNY
2021-week_45,AD097DMHSZ,RelayFoods,JP,Qality,UserPopQ
2021-week_45,AD008TOGQT,RelayFoods,JP,Qality,DNNQ
2021-week_45,AD09DDZFNQ,Modanisa,JP,Qality,DNNQ
2021-week_45,AD07YR9Y6N,iDreamsky Technology,JP,Qality,DNNQ
2021-week_45,AD088WPR9D,RelayFoods,JP,Qality,UserPopQ
2021-week_45,AD078MX6TH,RelayFoods,JP,Qality,DNNQ
2021-week_45,AD008HA6P6,RelayFoods,JP,Qality,DNNQ
2021-week_45,AD07KKGP8N,VarVee,JP,Yield,DNNY
2021-week_45,AD088YXJSZ,RelayFoods,JP,Qality,DNNQ
2021-week_45,AD079ZC8NL,Tab Solutions,JP,Qality,DNNQ
2021-week_45,AD079ZC8NL,Tab Solutions,JP,Qality,DNNQ
2021-week_45,AD00WHQAHL,RelayFoods,JP,Qality,DNNQ
2021-week_45,AD08T69PXG,RelayFoods,JP,Qality,UserPopQ
2021-week_45,AD079WTRX8,RelayFoods,JP,Qality,DNNQ
2021-week_45,AD088QSSSY,RelayFoods,JP,Qality,DNNQ
2021-week_45,AD07YWR899,RelayFoods,JP,Qality,DNNQ
2021-week_45,AD08YR8CFK,RelayFoods,JP,Qality,DNNQ
2021-week_45,AD08J8GGGS,RelayFoods,JP,Qality,DNNQ
2021-week_45,AD0008D8QU,RelayFoods,JP,Qality,DNNQ
2021-week_45,AD0098VU78,RelayFoods,JP,Qality,DNNQ
2021-week_45,AD08MR0DUZ,RelayFoods,JP,Qality,UserPopQ
2021-week_45,AD008SHQEC,RelayFoods,JP,Qality,DNNQ
2021-week_45,AD00DHJ8LO,RelayFoods,JP,Qality,UserPopQ
2021-week_45,AD07W98D87,RelayFoods,JP,Qality,DNNQ
2021-week_45,AD07L8GJNW,RelayFoods,JP,Qality,DNNQ
2021-week_45,AD09DPZGFS,RelayFoods,JP,Qality,UserPopQ
2021-week_45,AD00008WU9,RelayFoods,JP,Qality,UserPopQ
2021-week_45,AD07N8QFWK,LocalVox Media,JP,Yield,DNNY
2021-week_45,AD08CC78RZ,RelayFoods,JP,Qality,DNNQ
2021-week_45,AD07888TZ6,RelayFoods,JP,Qality,DNNQ
2021-week_45,AD086GVSVV,LocalVox Media,JP,Yield,DNNY
2021-week_45,AD08N9MGKG,RelayFoods,JP,Qality,DNNQ
2021-week_45,AD08867FXC,RelayFoods,JP,Qality,UserPopQ
2021-week_45,AD0788CQW9,Search Million Culture,JP,Qality,UserPopQ
2021-week_45,AD00L6AUUT,RelayFoods,JP,Qality,DNNQ
2021-week_45,AD000V8F8X,RelayFoods,JP,Qality,DNNQ
2021-week_45,AD07NJ9P8G,RelayFoods,JP,Qality,UserPopQ
2021-week_45,AD08KREWA0,RelayFoods,JP,Qality,UserPopQ
2021-week_45,AD0778C8ZJ,RelayFoods,JP,Qality,UserPopQ
2021-week_45,AD078X888L,RelayFoods,JP,Qality,DNNQ
2021-week_45,AD07XNV7HW,RelayFoods,JP,Qality,DNNQ
2021-week_45,AD07S9YHMT,RelayFoods,JP,Qality,DNNQ
2021-week_45,AD00QK8ML8,RelayFoods,JP,Qality,UserPopQ
2021-week_45,AD000UTIL8,RelayFoods,JP,Qality,DNNQ
2021-week_45,AD008OCUKZ,RelayFoods,JP,Qality,DNNQ
2021-week_45,AD008MJ08W,RelayFoods,JP,Qality,DNNQ
2021-week_45,AD08VC8Z8M,RelayFoods,JP,Qality,DNNQ
2021-week_45,AD07Q8HSQT,RelayFoods,JP,Qality,DNNQ
2021-week_45,AD0000C9IW,RelayFoods,JP,Qality,DNNQ
2021-week_45,AD07J8WSH8,RelayFoods,JP,Qality,DNNQ
2021-week_45,AD00N8GDH8,RelayFoods,JP,Qality,DNNQ
2021-week_45,AD08CQTFRX,RelayFoods,JP,Qality,UserPopQ
2021-week_45,AD0969M8YX,RelayFoods,JP,Qality,DNNQ
2021-week_45,AD07ZLFRD8,RelayFoods,JP,Qality,UserPopQ
2021-week_45,AD00UX00TV,RelayFoods,JP,Qality,DNNQ
2021-week_45,AD008T88CF,MoJoe Brewing Company,JP,Yield,UserPopY
2021-week_45,AD08M6A9A8,RelayFoods,JP,Qality,DNNQ
2021-week_45,AD09JWC8SJ,iDreamsky Technology,JP,Qality,DNNQ
2021-week_45,AD08DF78FY,RelayFoods,JP,Qality,UserPopQ
2021-week_45,AD08DLP68Y,RelayFoods,JP,Qality,DNNQ
2021-week_45,AD009GX880,RelayFoods,JP,Qality,DNNQ
2021-week_45,AD07VXMJG,LocalVox Media,JP,Yield,DNNY
2021-week_45,AD07D7PZNJ,RelayFoods,JP,Qality,DNNQ
2021-week_45,AD08AHP98D,RelayFoods,JP,Qality,UserPopQ
2021-week_45,AD096DK8H8,Tab Solutions,JP,Qality,DNNQ
2021-week_45,AD008TMHYS,RelayFoods,JP,Qality,DNNQ
2021-week_45,AD00GIDGY8,RelayFoods,JP,Qality,DNNQ
2021-week_45,AD08N8W0Y7,RelayFoods,JP,Qality,DNNQ
2021-week_45,AD07MJ9GY6,RelayFoods,JP,Qality,DNNQ
2021-week_45,AD00HE76D6,RelayFoods,JP,Qality,DNNQ
2021-week_45,AD07QG79FC,RelayFoods,JP,Qality,DNNQ
2021-week_45,AD00LS8XO8,RelayFoods,JP,Qality,DNNQ
2021-week_45,AD00PRODK0,RelayFoods,JP,Qality,DNNQ
2021-week_45,AD07888RZC,RelayFoods,JP,Qality,DNNQ
2021-week_45,AD078MGZHK,RelayFoods,JP,Qality,UserPopQ
2021-week_45,AD00F088YL,RelayFoods,JP,Qality,DNNQ
2021-week_45,AD00UOU68R,RelayFoods,JP,Qality,UserPopQ
2021-week_45,AD0098RRRI,RelayFoods,JP,Qality,DNNQ
2021-week_45,AD00CY8M7L,RelayFoods,JP,Qality,DNNQ
2021-week_45,AD008H88EZ,Tab Solutions,JP,Qality,DNNQ
2021-week_45,AD08NCK6QC,Tab Solutions,JP,Qality,DNNQ
2021-week_45,AD088SK87Y,RelayFoods,JP,Qality,DNNQ
2021-week_45,AD00HVPWVA,RelayFoods,JP,Qality,DNNQ
2021-week_45,AD087RD78J,RelayFoods,JP,Qality,DNNQ
2021-week_45,AD008D8988,RelayFoods,JP,Qality,DNNQ
2021-week_45,AD08GTGPNU,RelayFoods,JP,Qality,UserPopQ
2021-week_45,AD00PPSJWZ,Tab Solutions,JP,Qality,UserPopQ
2021-week_45,AD08RSD8P8,LocalVox Media,JP,Yield,DNNY
2021-week_45,AD077GTKV7,RelayFoods,JP,Qality,UserPopQ
2021-week_45,AD08AXDONP,RelayFoods,JP,Qality,DNNQ
2021-week_45,AD07JV9S88,Tab Solutions,JP,Qality,ManualQ
2021-week_45,AD00M7PHHH,RelayFoods,JP,Qality,DNNQ
2021-week_45,AD00KNVTZ7,MoJoe Brewing Company,JP,Yield,DNNY
2021-week_45,AD07F9SZDK,RelayFoods,JP,Qality,DNNQ
2021-week_45,AD097PFCZV,RelayFoods,JP,Qality,DNNQ
2021-week_45,AD00UHETD8,RelayFoods,JP,Qality,UserPopQ
2021-week_45,AD00QLE98D,RelayFoods,JP,Qality,DNNQ
2021-week_45,AD07YLZNTM,RelayFoods,JP,Qality,DNNQ
2021-week_45,AD00NGFF8U,RelayFoods,JP,Qality,DNNQ
2021-week_45,AD07ZXL8PN,RelayFoods,JP,Qality,DNNQ
2021-week_45,AD07ZYFNXT,RelayFoods,JP,Qality,DNNQ
2021-week_45,AD08THRZL6,RelayFoods,JP,Qality,DNNQ
2021-week_45,AD000T8TSA,RelayFoods,JP,Qality,DNNQ
2021-week_45,AD07CNZHCS,RelayFoods,JP,Qality,DNNQ
2021-week_45,AD088F88UU,RelayFoods,JP,Qality,DNNQ
2021-week_45,AD098DFM88,MoJoe Brewing Company,JP,Yield,UserPopY
2021-week_45,AD08FC8WGM,RelayFoods,JP,Qality,DNNQ
2021-week_45,AD08RXQ8DJ,RelayFoods,JP,Qality,DNNQ
2021-week_45,AD00JL8FSE,RelayFoods,JP,Qality,DNNQ
2021-week_45,AD08RNFW8V,MoJoe Brewing Company,JP,Yield,DNNY
2021-week_45,AD08HQYLS6,VarVee,JP,Yield,UserPopY
2021-week_45,AD008HZ88L,RelayFoods,JP,Qality,DNNQ
2021-week_45,AD07NVLXNV,RelayFoods,JP,Qality,DNNQ
2021-week_45,AD00FYNLF7,Tab Solutions,JP,Qality,UserPopQ
2021-week_45,AD000TIPN8,RelayFoods,JP,Qality,DNNQ
2021-week_45,AD08DNNPMG,Tab Solutions,JP,Qality,DNNQ
2021-week_45,AD09878JJX,iDreamsky Technology,JP,Qality,DNNQ
2021-week_45,AD089886Q8,RelayFoods,JP,Qality,DNNQ
2021-week_45,AD07889Q6C,RelayFoods,JP,Qality,DNNQ
2021-week_45,AD076HKMXT,LocalVox Media,JP,Yield,DNNY
2021-week_45,AD08788GF8,RelayFoods,JP,Qality,DNNQ
2021-week_45,AD000IAQQ8,RelayFoods,JP,Qality,DNNQ
2021-week_45,AD0086ZS7U,RelayFoods,JP,Qality,DNNQ
2021-week_45,AD08M8CRNM,RelayFoods,JP,Qality,DNNQ
2021-week_45,AD00TTU8VW,RelayFoods,JP,Qality,DNNQ
2021-week_45,AD00DU8XLS,RelayFoods,JP,Qality,DNNQ
2021-week_45,AD09QTRPPD,RelayFoods,JP,Qality,DNNQ
2021-week_45,AD007QR8DU,RelayFoods,JP,Qality,UserPopQ
2021-week_45,AD07W68ZXZ,VarVee,JP,Yield,DNNY
2021-week_45,AD08M8NYPP,RelayFoods,JP,Qality,DNNQ
2021-week_45,AD00YE8NG8,RelayFoods,JP,Qality,UserPopQ
2021-week_45,AD09CG8CT8,LocalVox Media,JP,Yield,DNNY
2021-week_45,AD88889889,RelayFoods,JP,Qality,UserPopQ
2021-week_45,AD00J98T8F,RelayFoods,JP,Qality,DNNQ
2021-week_45,AD008DDGV8,RelayFoods,JP,Qality,DNNQ
2021-week_45,AD07Z7SJ8L,Modanisa,JP,Qality,DNNQ
2021-week_45,AD088RFYMZ,Tab Solutions,JP,Qality,DNNQ
2021-week_45,AD008RCZ9D,RelayFoods,JP,Qality,DNNQ
2021-week_45,AD07D8YQVJ,RelayFoods,JP,Qality,DNNQ
2021-week_45,AD008CQJMU,RelayFoods,JP,Qality,DNNQ
2021-week_45,AD07STVNQX,RelayFoods,JP,Qality,DNNQ
2021-week_45,AD088LFCCH,RelayFoods,JP,Qality,DNNQ
2021-week_45,AD08LWLKDZ,RelayFoods,JP,Qality,DNNQ
2021-week_45,AD08P8PQQR,RelayFoods,JP,Qality,DNNQ
2021-week_45,AD000AXWCC,RelayFoods,JP,Qality,UserPopQ
2021-week_45,AD08YY8X88,RelayFoods,JP,Qality,UserPopQ
2021-week_45,AD0087WTFL,RelayFoods,JP,Qality,DNNQ
2021-week_45,AD088TX8VD,RelayFoods,JP,Qality,DNNQ
2021-week_45,AD08WLKHGQ,RelayFoods,JP,Qality,UserPopQ
2021-week_45,AD000ARR80,RelayFoods,JP,Qality,DNNQ
2021-week_45,AD08ZMLHL7,RelayFoods,JP,Qality,DNNQ
2021-week_45,AD08KY8PKS,RelayFoods,JP,Qality,DNNQ
2021-week_45,AD08TGTFLT,RelayFoods,JP,Qality,DNNQ
2021-week_45,AD08PYQMPX,RelayFoods,JP,Qality,DNNQ
2021-week_45,AD08C8VQUS,Tab Solutions,JP,Qality,DNNQ
2021-week_45,AD00ES680E,VarVee,JP,Yield,DNNY
2021-week_45,AD098QPYXH,LocalVox Media,JP,Yield,DNNY
2021-week_45,AD08P87G8D,Search Million Culture,JP,Qality,DNNQ
2021-week_45,AD08C8F8P8,RelayFoods,JP,Qality,DNNQ
2021-week_45,AD089ET8MO,MoJoe Brewing Company,JP,Yield,UserPopY
2021-week_45,AD00768A8J,RelayFoods,JP,Qality,DNNQ
2021-week_45,AD098WP8CM,RelayFoods,JP,Qality,DNNQ
2021-week_45,AD08TQTH8K,iDreamsky Technology,JP,Qality,DNNQ
2021-week_45,AD00GN8X8H,RelayFoods,JP,Qality,DNNQ
2021-week_45,AD089TS9F8,RelayFoods,JP,Qality,DNNQ
2021-week_45,AD008GJ6HZ,RelayFoods,JP,Qality,DNNQ
2021-week_45,AD06XJVXMZ,Tab Solutions,JP,Qality,ManualQ
2021-week_45,AD08LMYL98,RelayFoods,JP,Qality,DNNQ
2021-week_45,AD088RYMFD,MoJoe Brewing Company,JP,Yield,RuleBasedY
2021-week_45,AD00J7C8YP,iDreamsky Technology,JP,Qality,DNNQ
2021-week_45,AD00QK8R79,RelayFoods,JP,Qality,DNNQ
2021-week_45,AD088D8W8X,RelayFoods,JP,Qality,UserPopQ
2021-week_45,AD07GP7888,MoJoe Brewing Company,JP,Yield,DNNY
2021-week_45,AD00F9M8J8,RelayFoods,JP,Qality,DNNQ
2021-week_45,AD06Y8PHZF,RelayFoods,JP,Qality,DNNQ
2021-week_45,AD08HLHQVR,RelayFoods,JP,Qality,DNNQ
2021-week_45,AD08KQVD8P,VarVee,JP,Yield,DNNY
2021-week_45,AD0087LJ86,RelayFoods,JP,Qality,DNNQ
2021-week_45,AD07MX78L8,RelayFoods,JP,Qality,DNNQ
2021-week_45,AD07MMZXTZ,RelayFoods,JP,Qality,DNNQ
2021-week_45,AD08YFNG87,iDreamsky Technology,JP,Qality,DNNQ
2021-week_45,AD088HIXIG,RelayFoods,JP,Qality,DNNQ
2021-week_45,AD08CZJG8K,RelayFoods,JP,Qality,DNNQ
2021-week_45,AD07QR8V78,RelayFoods,JP,Qality,DNNQ
2021-week_45,AD07ZSCSHN,RelayFoods,JP,Qality,DNNQ
2021-week_45,AD078W8J8K,RelayFoods,JP,Qality,DNNQ
2021-week_45,AD08C888F8,RelayFoods,JP,Qality,DNNQ
2021-week_45,AD08CC8HXV,RelayFoods,JP,Qality,DNNQ
2021-week_45,AD079VG8V6,RelayFoods,JP,Qality,DNNQ
2021-week_45,AD076ZMQDP,RelayFoods,JP,Qality,DNNQ
2021-week_45,AD0896CQ98,RelayFoods,JP,Qality,DNNQ
2021-week_45,AD07NHPF8M,RelayFoods,JP,Qality,DNNQ
2021-week_45,AD80878898,RelayFoods,JP,Qality,UserPopQ
2021-week_45,AD87888880,RelayFoods,JP,Qality,UserPopQ
2021-week_45,AD008TRT8D,RelayFoods,JP,Qality,DNNQ
2021-week_45,AD07QKLVF8,RelayFoods,JP,Qality,DNNQ
2021-week_45,AD08S9PSKI,RelayFoods,JP,Qality,DNNQ
2021-week_45,AD086HMMCO,RelayFoods,JP,Qality,DNNQ
2021-week_45,AD08CQGTWS,RelayFoods,JP,Qality,UserPopQ
2021-week_45,AD08W8DM8Y,LocalVox Media,JP,Yield,DNNY
2021-week_45,AD0088O8YG,RelayFoods,JP,Qality,DNNQ
2021-week_45,AD0088WOPJ,RelayFoods,JP,Qality,UserPopQ
2021-week_45,AD00EPY7ZX,RelayFoods,JP,Qality,DNNQ
2021-week_45,AD008DPSNW,RelayFoods,JP,Qality,DNNQ
2021-week_45,AD08TXCFRD,Tab Solutions,JP,Qality,DNNQ
2021-week_45,AD0788PRWT,RelayFoods,JP,Qality,DNNQ
2021-week_45,AD07VKZ9CJ,RelayFoods,JP,Qality,DNNQ
2021-week_45,AD07FJVWS6,RelayFoods,JP,Qality,DNNQ
2021-week_45,AD0898869H,RelayFoods,JP,Qality,UserPopQ
2021-week_45,AD07S8DHLW,Tab Solutions,JP,Qality,DNNQ
2021-week_45,AD07KFQYW8,RelayFoods,JP,Qality,DNNQ
2021-week_45,AD00GIIU88,RelayFoods,JP,Qality,DNNQ
2021-week_45,AD088ZXGGP,RelayFoods,JP,Qality,DNNQ
2021-week_45,AD00F08GYT,RelayFoods,JP,Qality,DNNQ
2021-week_45,AD08987PEQ,RelayFoods,JP,Qality,UserPopQ
2021-week_45,AD098J8D8Z,MoJoe Brewing Company,JP,Yield,DNNY
2021-week_45,AD08N69VQ9,RelayFoods,JP,Qality,DNNQ
2021-week_45,AD07C7C88X,RelayFoods,JP,Qality,DNNQ
2021-week_45,AD08FGRCJG,RelayFoods,JP,Qality,DNNQ
2021-week_45,AD08MYGNP8,Pole Star,JP,Yield,UserPopY
2021-week_45,AD087D7EA9,VarVee,JP,Yield,DNNY
2021-week_45,AD08E9X8M8,Tab Solutions,JP,Qality,DNNQ
2021-week_45,AD07GZN8K7,RelayFoods,JP,Qality,DNNQ
2021-week_45,AD078JLC88,RelayFoods,JP,Qality,DNNQ
2021-week_45,AD088HTJ9D,RelayFoods,JP,Qality,DNNQ
2021-week_45,AD00ZTN6KQ,iDreamsky Technology,JP,Qality,DNNQ
2021-week_45,AD088HFF6S,RelayFoods,JP,Qality,UserPopQ
2021-week_45,AD08K8UU0E,RelayFoods,JP,Qality,DNNQ
2021-week_45,AD08T9VQ6J,RelayFoods,JP,Qality,DNNQ
2021-week_45,AD000FQRKT,RelayFoods,JP,Qality,UserPopQ
2021-week_45,AD009WKONO,RelayFoods,JP,Qality,UserPopQ
2021-week_45,AD008E68F7,RelayFoods,JP,Qality,DNNQ
2021-week_45,AD07F6DWPM,RelayFoods,JP,Qality,UserPopQ
2021-week_45,AD008Z8O8Z,RelayFoods,JP,Qality,UserPopQ
2021-week_45,AD07PGSWZG,RelayFoods,JP,Qality,DNNQ
2021-week_45,AD08JR0AZX,RelayFoods,JP,Qality,DNNQ
2021-week_45,AD07K8RFY8,RelayFoods,JP,Qality,DNNQ
2021-week_45,AD008F88YL,RelayFoods,JP,Qality,DNNQ
2021-week_45,AD00GWNQR8,RelayFoods,JP,Qality,UserPopQ
2021-week_45,AD08H888G6,RelayFoods,JP,Qality,DNNQ
2021-week_45,AD08M099MI,RelayFoods,JP,Qality,DNNQ
2021-week_45,AD008VTK8M,RelayFoods,JP,Qality,UserPopQ
2021-week_45,AD000FQSIK,RelayFoods,JP,Qality,DNNQ
2021-week_45,AD07G6YY8K,RelayFoods,JP,Qality,DNNQ
2021-week_45,AD07XSJHJZ,RelayFoods,JP,Qality,DNNQ
2021-week_45,AD07P86GJ8,RelayFoods,JP,Qality,DNNQ
2021-week_45,AD000S6AE8,RelayFoods,JP,Qality,DNNQ
2021-week_45,AD008TV8FU,Pole Star,JP,Yield,DNNY
2021-week_45,AD08ZDRM6N,RelayFoods,JP,Qality,DNNQ
2021-week_45,AD08HEILF8,RelayFoods,JP,Qality,DNNQ
2021-week_45,AD08YLCT8,RelayFoods,JP,Qality,DNNQ
2021-week_45,AD007SGJGV,RelayFoods,JP,Qality,DNNQ
2021-week_45,AD088KPNZQ,RelayFoods,JP,Qality,DNNQ
2021-week_45,AD08C8MRH9,RelayFoods,JP,Qality,DNNQ
2021-week_45,AD07DLRFXS,RelayFoods,JP,Qality,DNNQ
2021-week_45,AD098Y9NWV,Tab Solutions,JP,Qality,DNNQ
2021-week_45,AD08AA98DL,RelayFoods,JP,Qality,UserPopQ
2021-week_45,AD088HV8K6,Pole Star,JP,Qality,DNNQ
2021-week_45,AD07D8SJDN,RelayFoods,JP,Qality,DNNQ
2021-week_45,AD088D998T,RelayFoods,JP,Qality,DNNQ
2021-week_45,AD089KJ6PL,RelayFoods,JP,Qality,DNNQ
2021-week_45,AD07XDRNPL,RelayFoods,JP,Qality,DNNQ
2021-week_45,AD008MTFYA,RelayFoods,JP,Qality,DNNQ
2021-week_45,AD07MCSZP8,RelayFoods,JP,Qality,DNNQ
2021-week_45,AD079XVPR8,RelayFoods,JP,Qality,DNNQ
2021-week_45,AD00ANDLRW,RelayFoods,JP,Qality,UserPopQ
2021-week_45,AD00MZLDCL,RelayFoods,JP,Qality,DNNQ
2021-week_45,AD0087NX7S,Tab Solutions,JP,Qality,DNNQ
2021-week_45,AD008XHG8K,RelayFoods,JP,Qality,DNNQ
2021-week_45,AD0887NVZ8,RelayFoods,JP,Qality,DNNQ
2021-week_45,AD0089XWJ8,RelayFoods,JP,Qality,DNNQ
2021-week_45,AD07DS8Q8K,RelayFoods,JP,Qality,DNNQ
2021-week_45,AD07JKVGLZ,RelayFoods,JP,Qality,DNNQ
2021-week_45,AD07SHY7DP,RelayFoods,JP,Qality,DNNQ
2021-week_45,AD08N87PAG,Tab Solutions,JP,Qality,DNNQ
2021-week_45,AD09G9G7J8,RelayFoods,JP,Qality,UserPopQ
2021-week_45,AD08SJ9C8W,RelayFoods,JP,Qality,DNNQ
2021-week_45,AD08GPGDYK,RelayFoods,JP,Qality,DNNQ
2021-week_45,AD08XCKRXC,RelayFoods,JP,Qality,DNNQ
2021-week_45,AD0798HJRR,RelayFoods,JP,Qality,UserPopQ
2021-week_45,AD07DLYSQM,RelayFoods,JP,Qality,DNNQ
2021-week_45,AD07QH9H86,Tab Solutions,JP,Qality,DNNQ
2021-week_45,AD00VWEI8,RelayFoods,JP,Qality,DNNQ
2021-week_45,AD0098GAQI,MoJoe Brewing Company,JP,Yield,UserPopY
2021-week_45,AD08K989MT,Tab Solutions,JP,Qality,DNNQ
2021-week_45,AD08M87EE7,RelayFoods,JP,Qality,DNNQ
2021-week_45,AD08W8Z9D,RelayFoods,JP,Qality,UserPopQ
2021-week_45,AD06XSVHP7,RelayFoods,JP,Qality,DNNQ
2021-week_45,AD09787ZPQ,LocalVox Media,JP,Yield,UserPopY
2021-week_45,AD00Z8Z0MN,MoJoe Brewing Company,JP,Yield,RuleBasedY
2021-week_45,AD08W68678,RelayFoods,JP,Qality,DNNQ
2021-week_45,AD09DGGK68,Modanisa,JP,Qality,DNNQ
2021-week_45,AD87878668,RelayFoods,JP,Qality,UserPopQ
2021-week_45,AD07DGKGW,RelayFoods,JP,Qality,DNNQ
2021-week_45,AD00AQTTSU,RelayFoods,JP,Qality,DNNQ
2021-week_45,AD08DLJY8Z,RelayFoods,JP,Qality,DNNQ
2021-week_45,AD08AA8OZV,MoJoe Brewing Company,JP,Yield,DNNY
2021-week_45,AD08IGYKDV,RelayFoods,JP,Qality,DNNQ
2021-week_45,AD00D8HRYN,RelayFoods,JP,Qality,UserPopQ
2021-week_45,AD078GZT78,RelayFoods,JP,Qality,DNNQ
2021-week_45,AD08H89H8H,RelayFoods,JP,Qality,DNNQ
2021-week_45,AD00J0MZ6M,RelayFoods,JP,Qality,DNNQ
2021-week_45,AD07G8DKZR,RelayFoods,JP,Qality,DNNQ
2021-week_45,AD08KD8WN8,LocalVox Media,JP,Yield,DNNY
2021-week_45,AD07CH8ZPT,RelayFoods,JP,Qality,DNNQ
2021-week_45,AD00QLE8Y8,RelayFoods,JP,Qality,DNNQ
2021-week_45,AD080UZ6EE,RelayFoods,JP,Qality,DNNQ
2021-week_45,AD008NNPVI,Tab Solutions,JP,Qality,DNNQ
2021-week_45,AD008ICZCX,RelayFoods,JP,Qality,DNNQ
2021-week_45,AD00LKXWA8,RelayFoods,JP,Qality,DNNQ
2021-week_45,AD008CWI88,RelayFoods,JP,Qality,DNNQ
2021-week_45,AD098Y8ZG8,RelayFoods,JP,Qality,DNNQ
2021-week_45,AD08L89GK8,RelayFoods,JP,Qality,DNNQ
2021-week_45,AD008QKJMA,RelayFoods,JP,Qality,DNNQ
2021-week_45,AD088CSW8X,RelayFoods,JP,Qality,DNNQ
2021-week_45,AD07XYSZMM,RelayFoods,JP,Qality,DNNQ
2021-week_45,AD07KWS6XW,RelayFoods,JP,Qality,DNNQ
2021-week_45,AD0888SHCN,RelayFoods,JP,Qality,DNNQ
2021-week_45,AD07NQDMD8,RelayFoods,JP,Qality,DNNQ
2021-week_45,AD07889ZCP,LocalVox Media,JP,Yield,DNNY
2021-week_45,AD00ED7SG8,RelayFoods,JP,Qality,DNNQ
2021-week_45,AD0798QM9G,LocalVox Media,JP,Yield,DNNY
2021-week_45,AD07VPVD8T,Tab Solutions,JP,Qality,DNNQ
2021-week_45,AD08C88Z6M,RelayFoods,JP,Qality,UserPopQ
2021-week_45,AD07CLZ877,RelayFoods,JP,Qality,DNNQ
2021-week_45,AD0878NMXK,RelayFoods,JP,Qality,DNNQ
2021-week_45,AD076LTMFZ,RelayFoods,JP,Qality,DNNQ
2021-week_45,AD07P98J8J,RelayFoods,JP,Qality,DNNQ
2021-week_45,AD07V88L86,RelayFoods,JP,Qality,DNNQ
2021-week_45,AD078Y887J,RelayFoods,JP,Qality,UserPopQ
2021-week_45,AD00S6AY60,RelayFoods,JP,Qality,DNNQ
2021-week_45,AD00ZW8J8W,RelayFoods,JP,Qality,DNNQ
2021-week_45,AD07Z8VSZG,RelayFoods,JP,Qality,UserPopQ
2021-week_45,AD07ZGV9W8,Tab Solutions,JP,Qality,DNNQ
2021-week_45,AD007XVYZY,Search Million Culture,JP,Qality,DNNQ
2021-week_45,AD008NNH7A,RelayFoods,JP,Qality,DNNQ
2021-week_45,AD08K8RGTH,MoJoe Brewing Company,JP,Yield,DNNY
2021-week_45,AD06Y8TN7R,RelayFoods,JP,Qality,DNNQ
2021-week_45,AD08DXVY8N,RelayFoods,JP,Qality,DNNQ
2021-week_45,AD07DXYL8Z,Tab Solutions,JP,Qality,DNNQ
2021-week_45,AD088HC978,RelayFoods,JP,Qality,DNNQ
2021-week_45,AD07SJF8MY,RelayFoods,JP,Qality,DNNQ
2021-week_45,AD00I89TW9,RelayFoods,JP,Qality,DNNQ
2021-week_45,AD07S8R8HM,RelayFoods,JP,Qality,UserPopQ
2021-week_45,AD00889N8U,RelayFoods,JP,Qality,UserPopQ
2021-week_45,AD0788LTJY,RelayFoods,JP,Qality,UserPopQ
2021-week_45,AD07H888W9,RelayFoods,JP,Qality,DNNQ
2021-week_45,AD07GZNVWM,RelayFoods,JP,Qality,DNNQ
2021-week_45,AD00EPSFXO,RelayFoods,JP,Qality,DNNQ
2021-week_45,AD00U8FEJJ,RelayFoods,JP,Qality,DNNQ
2021-week_45,AD0078GILO,RelayFoods,JP,Qality,DNNQ
2021-week_45,AD07KQ8FK8,RelayFoods,JP,Qality,DNNQ
2021-week_45,AD08N8FLGR,Tab Solutions,JP,Qality,DNNQ
2021-week_45,AD00WSKU8I,RelayFoods,JP,Qality,DNNQ
2021-week_45,AD07888HYR,RelayFoods,JP,Qality,DNNQ
2021-week_45,AD07QHVCCH,RelayFoods,JP,Qality,DNNQ
2021-week_45,AD0869QVF,RelayFoods,JP,Qality,DNNQ
2021-week_45,AD09DYRZLK,RelayFoods,JP,Qality,DNNQ
2021-week_45,AD08K7K8UI,RelayFoods,JP,Qality,UserPopQ
2021-week_45,AD089W8JJD,RelayFoods,JP,Qality,DNNQ
2021-week_45,AD0888RMNQ,RelayFoods,JP,Qality,DNNQ
2021-week_45,AD06ZZ888X,RelayFoods,JP,Qality,UserPopQ
2021-week_45,AD00O8JMV6,Tab Solutions,JP,Qality,DNNQ
2021-week_45,AD07DHM8CW,Crescendo Networks,JP,Qality,DNNQ
2021-week_45,AD0786XP8Y,RelayFoods,JP,Qality,DNNQ
2021-week_45,AD0888SWJ8,RelayFoods,JP,Qality,DNNQ
2021-week_45,AD00MWQ79Z,RelayFoods,JP,Qality,DNNQ
2021-week_45,AD08EFNA6W,RelayFoods,JP,Qality,DNNQ
2021-week_45,AD08DFYZFW,LocalVox Media,JP,Yield,DNNY
2021-week_45,AD076H8J78,RelayFoods,JP,Qality,DNNQ
2021-week_45,AD07XPFJ8T,RelayFoods,JP,Qality,DNNQ
2021-week_45,AD08LK898L,RelayFoods,JP,Qality,DNNQ
2021-week_45,AD0078986A,RelayFoods,JP,Qality,UserPopQ
2021-week_45,AD06VXFSQZ,RelayFoods,JP,Qality,DNNQ
2021-week_45,AD078XF6YL,RelayFoods,JP,Qality,DNNQ
2021-week_45,AD07W8K8W8,RelayFoods,JP,Qality,DNNQ
2021-week_45,AD08CF9SMD,RelayFoods,JP,Qality,DNNQ
2021-week_45,AD0969PL8H,LocalVox Media,JP,Yield,DNNY
2021-week_45,AD08GM8RGM,LocalVox Media,JP,Yield,DNNY
2021-week_45,AD07S878P9,RelayFoods,JP,Qality,UserPopQ
2021-week_45,AD000FQ6US,RelayFoods,JP,Qality,DNNQ
2021-week_45,AD089WZSK9,RelayFoods,JP,Qality,DNNQ
2021-week_45,AD0888S88C,RelayFoods,JP,Qality,DNNQ
2021-week_45,AD08C87L6G,RelayFoods,JP,Qality,DNNQ
2021-week_45,AD09JJX8N8,LocalVox Media,JP,Yield,DNNY
2021-week_45,AD08KFGV8A,LocalVox Media,JP,Yield,RuleBasedY
2021-week_45,AD0087F868,RelayFoods,JP,Qality,DNNQ
2021-week_45,AD07ZPR8PQ,RelayFoods,JP,Qality,DNNQ
2021-week_45,AD00EQ8OC7,RelayFoods,JP,Qality,DNNQ
2021-week_45,AD088868NR,RelayFoods,JP,Qality,DNNQ
2021-week_45,AD07VJYK97,G-mode,JP,Qality,UserPopQ
2021-week_45,AD07C8H8LM,RelayFoods,JP,Qality,DNNQ
2021-week_45,AD008CVPSM,RelayFoods,JP,Qality,DNNQ
2021-week_45,AD00TOC7I0,RelayFoods,JP,Qality,DNNQ
2021-week_45,AD08K8DH70,RelayFoods,JP,Qality,DNNQ
2021-week_45,AD00KHNZXA,Tab Solutions,JP,Qality,DNNQ
2021-week_45,AD000T8K98,Tab Solutions,JP,Qality,UserPopQ
2021-week_45,AD008J8J88,RelayFoods,JP,Qality,DNNQ
2021-week_45,AD078NCM88,RelayFoods,JP,Qality,DNNQ
2021-week_45,AD00Z9IH88,RelayFoods,JP,Qality,DNNQ
2021-week_45,AD007WQ88Q,RelayFoods,JP,Qality,DNNQ
2021-week_45,AD00T87R8C,RelayFoods,JP,Qality,DNNQ
2021-week_45,AD00R88PZY,RelayFoods,JP,Qality,UserPopQ
2021-week_45,AD07QY8DHM,RelayFoods,JP,Qality,DNNQ
2021-week_45,AD008K8W8O,Tab Solutions,JP,Qality,UserPopQ
2021-week_45,AD008D7JF8,RelayFoods,JP,Qality,DNNQ
2021-week_45,AD00QK6778,RelayFoods,JP,Qality,DNNQ
2021-week_45,AD07MN9CVS,RelayFoods,JP,Qality,DNNQ
2021-week_45,AD08CH8SC8,RelayFoods,JP,Qality,DNNQ
2021-week_45,AD079ZVXQ8,RelayFoods,JP,Qality,DNNQ
2021-week_45,AD098Q7Q8J,RelayFoods,JP,Qality,DNNQ
2021-week_45,AD07MTVC68,RelayFoods,JP,Qality,DNNQ
2021-week_45,AD07Z9L68T,RelayFoods,JP,Qality,DNNQ
2021-week_45,AD07JCSH6W,RelayFoods,JP,Qality,UserPopQ
2021-week_45,AD008AEMSK,LocalVox Media,JP,Yield,DNNY
2021-week_45,AD08MDNDVQ,RelayFoods,JP,Qality,DNNQ
2021-week_45,AD00O8SQC8,Tab Solutions,JP,Qality,DNNQ
2021-week_45,AD07FTHQ89,RelayFoods,JP,Qality,DNNQ
2021-week_45,AD008FSJ6T,RelayFoods,JP,Qality,DNNQ
2021-week_45,AD08LSPOAZ,RelayFoods,JP,Qality,DNNQ
2021-week_45,AD00UH9J8F,RelayFoods,JP,Qality,UserPopQ
2021-week_45,AD07NLCHFG,G-mode,JP,Qality,DNNQ
2021-week_45,AD06Y8978K,RelayFoods,JP,Qality,DNNQ
2021-week_45,AD088TWLYN,RelayFoods,JP,Qality,DNNQ
2021-week_45,AD08888G8G,RelayFoods,JP,Qality,DNNQ
2021-week_45,AD06XSDQPH,RelayFoods,JP,Qality,DNNQ
2021-week_45,AD0879XRSV,RelayFoods,JP,Qality,DNNQ
2021-week_45,AD000FQMS8,RelayFoods,JP,Qality,DNNQ
2021-week_45,AD0878YRL7,RelayFoods,JP,Qality,DNNQ
2021-week_45,AD00E0EX0L,RelayFoods,JP,Qality,DNNQ
2021-week_45,AD07NHSPZW,RelayFoods,JP,Qality,DNNQ
2021-week_45,AD008PGREZ,RelayFoods,JP,Qality,DNNQ
2021-week_45,AD000T8NL7,RelayFoods,JP,Qality,DNNQ
2021-week_45,AD079V788J,RelayFoods,JP,Qality,DNNQ
2021-week_45,AD008Y06MO,Search Million Culture,JP,Qality,DNNQ
2021-week_45,AD0089TKUE,RelayFoods,JP,Qality,DNNQ
2021-week_45,AD08GCGQSR,RelayFoods,JP,Qality,DNNQ
2021-week_45,AD08N8VVTQ,RelayFoods,JP,Qality,DNNQ
2021-week_45,AD00HE8M8K,LocalVox Media,JP,Yield,UserPopY
2021-week_45,AD008MW8V8,RelayFoods,JP,Qality,DNNQ
2021-week_45,AD08QTT8JF,RelayFoods,JP,Qality,DNNQ
2021-week_45,AD07F8X8GR,Tab Solutions,JP,Qality,DNNQ
2021-week_45,AD07HC8CFP,Tab Solutions,JP,Qality,DNNQ
2021-week_45,AD07VCNH88,RelayFoods,JP,Qality,DNNQ
2021-week_45,AD088YZTXY,RelayFoods,JP,Qality,DNNQ
2021-week_45,AD08TQRQX7,RelayFoods,JP,Qality,DNNQ
2021-week_45,AD088VKH6R,RelayFoods,JP,Qality,DNNQ
2021-week_45,AD00VWSI8,RelayFoods,JP,Qality,DNNQ
2021-week_45,AD077V8K7S,RelayFoods,JP,Qality,DNNQ
2021-week_45,AD08YKZJWP,LocalVox Media,JP,Yield,DNNY
2021-week_45,AD077ZMMS8,RelayFoods,JP,Qality,UserPopQ
2021-week_45,AD08CJ8LFC,RelayFoods,JP,Qality,DNNQ
2021-week_45,AD098GZW8R,RelayFoods,JP,Qality,UserPopQ
2021-week_45,AD08R8TPDW,RelayFoods,JP,Qality,DNNQ
2021-week_45,AD07R88GLW,RelayFoods,JP,Qality,UserPopQ
2021-week_45,AD008OFX78,RelayFoods,JP,Qality,DNNQ
2021-week_45,AD086GYF8M,MoJoe Brewing Company,JP,Yield,DNNY
2021-week_45,AD08798FYD,RelayFoods,JP,Qality,DNNQ
2021-week_45,AD098HMR88,RelayFoods,JP,Qality,DNNQ
2021-week_45,AD076K8V8V,RelayFoods,JP,Qality,DNNQ
2021-week_45,AD08V8TC8C,RelayFoods,JP,Qality,DNNQ
2021-week_45,AD08NT9N8W,RelayFoods,JP,Qality,DNNQ
2021-week_45,AD099WDVMQ,RelayFoods,JP,Qality,DNNQ
2021-week_45,AD008X8J8A,RelayFoods,JP,Qality,DNNQ
2021-week_45,AD00FSE8N8,RelayFoods,JP,Qality,DNNQ
2021-week_45,AD008U8HYJ,RelayFoods,JP,Qality,DNNQ
2021-week_45,AD08KH0LM6,RelayFoods,JP,Qality,UserPopQ
2021-week_45,AD008T8ITV,RelayFoods,JP,Qality,DNNQ
2021-week_45,AD06WLH6VY,Tab Solutions,JP,Qality,DNNQ
2021-week_45,AD06ZZSKTD,RelayFoods,JP,Qality,DNNQ
2021-week_45,AD00OYPRRT,RelayFoods,JP,Qality,DNNQ
2021-week_45,AD008GDW6X,RelayFoods,JP,Qality,DNNQ
2021-week_45,AD0789HP98,RelayFoods,JP,Qality,UserPopQ
2021-week_45,AD09JZWJKF,LocalVox Media,JP,Yield,RuleBasedY
2021-week_45,AD07Y868KQ,RelayFoods,JP,Qality,DNNQ
2021-week_45,AD009SIZM8,RelayFoods,JP,Qality,UserPopQ
2021-week_45,AD077TPC8L,MoJoe Brewing Company,JP,Yield,ManualQ
2021-week_45,AD0088PCQZ,RelayFoods,JP,Qality,DNNQ
2021-week_45,AD06Y88X9G,RelayFoods,JP,Qality,DNNQ
2021-week_45,AD008DCZEZ,MoJoe Brewing Company,JP,Yield,DNNY
2021-week_45,AD086QVGT7,RelayFoods,JP,Qality,DNNQ
2021-week_45,AD0090ERU9,RelayFoods,JP,Qality,DNNQ
2021-week_45,AD07GDNRXJ,RelayFoods,JP,Qality,DNNQ
2021-week_45,AD0098T7IK,RelayFoods,JP,Qality,DNNQ
2021-week_45,AD088GRGWK,RelayFoods,JP,Qality,DNNQ
2021-week_45,AD008FDW6Y,RelayFoods,JP,Qality,UserPopQ
2021-week_45,AD08JHVJ8A,RelayFoods,JP,Qality,DNNQ
2021-week_45,AD07HWVHYT,RelayFoods,JP,Qality,DNNQ
2021-week_45,AD087888PQ,RelayFoods,JP,Qality,DNNQ
2021-week_45,AD08F9ZSL8,RelayFoods,JP,Qality,DNNQ
2021-week_45,AD07G8YVHH,Search Million Culture,JP,Qality,DNNQ
2021-week_45,AD08WMV8KM,RelayFoods,JP,Qality,DNNQ
2021-week_45,AD088FIOPQ,RelayFoods,JP,Qality,DNNQ
2021-week_45,AD00JZH9TG,RelayFoods,JP,Qality,DNNQ
2021-week_45,AD00R96SCX,RelayFoods,JP,Qality,UserPopQ
2021-week_45,AD07H88QPY,Tab Solutions,JP,Qality,UserPopQ
2021-week_45,AD07SZM66W,RelayFoods,JP,Qality,DNNQ
2021-week_45,AD08N8Q6HQ,LocalVox Media,JP,Yield,DNNY
2021-week_45,AD08L88698,RelayFoods,JP,Qality,DNNQ
2021-week_45,AD00A8Z8AS,RelayFoods,JP,Qality,DNNQ
2021-week_45,AD08C6KLYA,G-mode,JP,Qality,DNNQ
2021-week_45,AD0988SG8R,LocalVox Media,JP,Yield,DNNY
2021-week_45,AD0088PJ0C,RelayFoods,JP,Qality,DNNQ
2021-week_45,AD008RNPKL,RelayFoods,JP,Qality,DNNQ
2021-week_45,AD00GAUWKD,RelayFoods,JP,Qality,DNNQ
2021-week_45,AD09C7Y6DP,LocalVox Media,JP,Yield,DNNY
2021-week_45,AD08VG8HK9,Tab Solutions,JP,Qality,DNNQ
2021-week_45,AD07QY8KFC,RelayFoods,JP,Qality,DNNQ
2021-week_45,AD0876Q8F8,RelayFoods,JP,Qality,UserPopQ
2021-week_45,AD0869H8D8,RelayFoods,JP,Qality,DNNQ
2021-week_45,AD078VSSCK,RelayFoods,JP,Qality,DNNQ
2021-week_45,AD086VCY0R,RelayFoods,JP,Qality,DNNQ
2021-week_45,AD00NENPWG,MoJoe Brewing Company,JP,Yield,DNNY
2021-week_45,AD078ND8QQ,RelayFoods,JP,Qality,UserPopQ
2021-week_45,AD08QN8MSS,RelayFoods,JP,Qality,DNNQ
2021-week_45,AD0798C8P8,RelayFoods,JP,Qality,DNNQ
2021-week_45,AD07G888TW,RelayFoods,JP,Qality,DNNQ
2021-week_45,AD07DCMX8H,RelayFoods,JP,Qality,DNNQ
2021-week_45,AD088FZG6K,RelayFoods,JP,Qality,DNNQ
2021-week_45,AD08ZYVTX7,RelayFoods,JP,Qality,DNNQ
2021-week_45,AD07788PQC,RelayFoods,JP,Qality,UserPopQ
2021-week_45,AD086Z8H8S,RelayFoods,JP,Qality,DNNQ
2021-week_45,AD07K8TN88,RelayFoods,JP,Qality,DNNQ
2021-week_45,AD0088NFUK,VarVee,JP,Yield,DNNY
2021-week_45,AD07KCY8CM,LocalVox Media,JP,Yield,DNNY
2021-week_45,AD098M8FW7,RelayFoods,JP,Qality,DNNQ
2021-week_45,AD00HVPYMC,RelayFoods,JP,Qality,DNNQ
2021-week_45,AD086N9GCS,Tab Solutions,JP,Qality,DNNQ
2021-week_45,AD008N6Y6P,RelayFoods,JP,Qality,DNNQ
2021-week_45,AD097MGQFF,RelayFoods,JP,Qality,DNNQ
2021-week_45,AD00TTU8A0,RelayFoods,JP,Qality,DNNQ
2021-week_45,AD00TA7IWI,RelayFoods,JP,Qality,DNNQ
2021-week_45,AD08T8888F,RelayFoods,JP,Qality,DNNQ
2021-week_45,AD07DJ8686,RelayFoods,JP,Qality,UserPopQ
2021-week_45,AD07GGZJL6,RelayFoods,JP,Qality,DNNQ
2021-week_45,AD07QNWK86,RelayFoods,JP,Qality,DNNQ
2021-week_45,AD07D8TM88,RelayFoods,JP,Qality,DNNQ
2021-week_45,AD00NSMW8V,RelayFoods,JP,Qality,DNNQ
2021-week_45,AD08N7F8QU,RelayFoods,JP,Qality,UserPopQ
2021-week_45,AD008P8WHL,RelayFoods,JP,Qality,DNNQ
2021-week_45,AD08DX80EE,RelayFoods,JP,Qality,DNNQ
2021-week_45,AD07SMR78H,LocalVox Media,JP,Yield,DNNY
2021-week_45,AD07CPL8WG,RelayFoods,JP,Qality,DNNQ
2021-week_45,AD07NV9X8,RelayFoods,JP,Qality,DNNQ
2021-week_45,AD079FKJ8L,RelayFoods,JP,Qality,DNNQ
2021-week_45,AD0778SP,RelayFoods,JP,Qality,DNNQ
2021-week_45,AD000TKDJR,RelayFoods,JP,Qality,DNNQ
2021-week_45,AD098768L8,RelayFoods,JP,Qality,DNNQ
2021-week_45,AD07YC6C68,RelayFoods,JP,Qality,DNNQ
2021-week_45,AD08VWY6VM,RelayFoods,JP,Qality,DNNQ
2021-week_45,AD00QLHFKC,RelayFoods,JP,Qality,UserPopQ
2021-week_45,AD08NJDJHX,RelayFoods,JP,Qality,DNNQ
2021-week_45,AD08ISU88J,RelayFoods,JP,Qality,DNNQ
2021-week_45,AD008CQTXS,RelayFoods,JP,Qality,DNNQ
2021-week_45,AD07Z98D8Z,RelayFoods,JP,Qality,DNNQ
2021-week_45,AD07YW89VK,RelayFoods,JP,Qality,DNNQ
2021-week_45,AD0788WW8,RelayFoods,JP,Qality,UserPopQ
2021-week_45,AD008QUFXI,RelayFoods,JP,Qality,DNNQ
2021-week_45,AD07F8PX8M,RelayFoods,JP,Qality,DNNQ
2021-week_45,AD007T8UNK,RelayFoods,JP,Qality,DNNQ
2021-week_45,AD00UIYSRX,RelayFoods,JP,Qality,DNNQ
2021-week_45,AD07CD8M8,RelayFoods,JP,Qality,UserPopQ
2021-week_45,AD08VFK8QQ,RelayFoods,JP,Qality,DNNQ
2021-week_45,AD00KKYW68,RelayFoods,JP,Qality,DNNQ
2021-week_45,AD08JFC7CJ,RelayFoods,JP,Qality,DNNQ
2021-week_45,AD07K8SSK7,RelayFoods,JP,Qality,DNNQ
2021-week_45,AD098KP7Y8,RelayFoods,JP,Qality,UserPopQ
2021-week_45,AD07JGGXVC,Tab Solutions,JP,Qality,DNNQ
2021-week_45,AD09KGQ9V8,LocalVox Media,JP,Yield,DNNY
2021-week_45,AD098C88K8,RelayFoods,JP,Qality,UserPopQ
2021-week_45,AD08N8Y888,RelayFoods,JP,Qality,DNNQ
2021-week_45,AD07R8Z8YK,RelayFoods,JP,Qality,DNNQ
2021-week_45,AD077K8F8Y,RelayFoods,JP,Qality,DNNQ
2021-week_45,AD08FPMD8W,RelayFoods,JP,Qality,DNNQ
2021-week_45,AD09CFDH87,RelayFoods,JP,Qality,UserPopQ
2021-week_45,AD07Q8VJ7X,RelayFoods,JP,Qality,DNNQ
2021-week_45,AD008GH6XV,MoJoe Brewing Company,JP,Yield,DNNY
2021-week_45,AD07NQKZ8Y,Search Million Culture,JP,Qality,DNNQ
2021-week_45,AD00IX6RQQ,RelayFoods,JP,Qality,DNNQ
2021-week_45,AD07V6XSLS,RelayFoods,JP,Qality,DNNQ
2021-week_45,AD07NW8W88,RelayFoods,JP,Qality,DNNQ
2021-week_45,AD08PX6WWS,RelayFoods,JP,Qality,DNNQ
2021-week_45,AD07667F9X,RelayFoods,JP,Qality,DNNQ
2021-week_45,AD07MX88W8,RelayFoods,JP,Qality,DNNQ
2021-week_45,AD07VCK8V,RelayFoods,JP,Qality,DNNQ
2021-week_45,AD076J8J98,RelayFoods,JP,Qality,DNNQ
2021-week_45,AD098888JM,RelayFoods,JP,Qality,DNNQ
2021-week_45,AD008RKQLK,RelayFoods,JP,Qality,DNNQ
2021-week_45,AD07FKFHTF,RelayFoods,JP,Qality,DNNQ
2021-week_45,AD00V86U60,RelayFoods,JP,Qality,DNNQ
2021-week_45,AD07FS6V88,RelayFoods,JP,Qality,DNNQ
2021-week_45,AD008UU8CC,RelayFoods,JP,Qality,DNNQ
2021-week_45,AD07TWK8KJ,VarVee,JP,Yield,DNNY
2021-week_45,AD07CM8LRM,RelayFoods,JP,Qality,DNNQ
2021-week_45,AD0888DY6G,RelayFoods,JP,Qality,DNNQ
2021-week_45,AD008WNKIW,RelayFoods,JP,Qality,UserPopQ
2021-week_45,AD08KJAZT7,RelayFoods,JP,Qality,DNNQ
2021-week_45,AD087QD8F9,RelayFoods,JP,Qality,DNNQ
2021-week_45,AD07TSHMYC,RelayFoods,JP,Qality,DNNQ
2021-week_45,AD0088FHNG,RelayFoods,JP,Qality,DNNQ
2021-week_45,AD07F8DJTC,RelayFoods,JP,Qality,DNNQ
2021-week_45,AD088NW87P,RelayFoods,JP,Qality,DNNQ
2021-week_45,AD0888CQN8,RelayFoods,JP,Qality,DNNQ
2021-week_45,AD007M88RY,RelayFoods,JP,Qality,DNNQ
2021-week_45,AD0068PFJY,RelayFoods,JP,Qality,DNNQ
2021-week_45,AD089MM8XE,RelayFoods,JP,Qality,DNNQ
2021-week_45,AD08888MSD,RelayFoods,JP,Qality,DNNQ
2021-week_45,AD08AFS9Q8,VarVee,JP,Yield,DNNY
2021-week_45,AD00I88JDM,RelayFoods,JP,Qality,DNNQ
2021-week_45,AD08MG68Q9,RelayFoods,JP,Qality,UserPopQ
2021-week_45,AD08C80ZTS,RelayFoods,JP,Qality,DNNQ
2021-week_45,AD098LJNK8,RelayFoods,JP,Qality,DNNQ
2021-week_45,AD0888768I,RelayFoods,JP,Qality,DNNQ
2021-week_45,AD08FDZLJD,RelayFoods,JP,Qality,DNNQ
2021-week_45,AD008G8WF0,RelayFoods,JP,Qality,UserPopQ
2021-week_45,AD07GDXCS9,RelayFoods,JP,Qality,DNNQ
2021-week_45,AD098D9TNL,RelayFoods,JP,Qality,DNNQ
2021-week_45,AD07W88JTW,RelayFoods,JP,Qality,DNNQ
2021-week_45,AD09GP9QXH,LocalVox Media,JP,Yield,DNNY
2021-week_45,AD0789VWJN,RelayFoods,JP,Qality,DNNQ
2021-week_45,AD008W8SG6,RelayFoods,JP,Qality,UserPopQ
2021-week_45,AD07PMD868,RelayFoods,JP,Qality,DNNQ
2021-week_45,AD000KJGLS,VarVee,JP,Yield,DNNY
2021-week_45,AD080EYIH7,RelayFoods,JP,Qality,DNNQ
2021-week_45,AD00QK8Q06,RelayFoods,JP,Qality,UserPopQ
2021-week_45,AD088YFRQD,MoJoe Brewing Company,JP,Yield,UserPopY
2021-week_45,AD088TY869,RelayFoods,JP,Qality,DNNQ
2021-week_45,AD07CWCYCD,RelayFoods,JP,Qality,DNNQ
2021-week_45,AD0008IO9V,RelayFoods,JP,Qality,UserPopQ
2021-week_45,AD00NH7WEU,RelayFoods,JP,Qality,DNNQ
2021-week_45,AD07GXM8Q8,RelayFoods,JP,Qality,DNNQ
2021-week_45,AD07PHKLLQ,RelayFoods,JP,Qality,DNNQ
2021-week_45,AD07F8G8ST,RelayFoods,JP,Qality,DNNQ
2021-week_45,AD088RVSSV,RelayFoods,JP,Qality,DNNQ
2021-week_45,AD088KE88X,RelayFoods,JP,Qality,DNNQ
2021-week_45,AD07CPXYQ,RelayFoods,JP,Qality,DNNQ
2021-week_45,AD0766RX8L,LocalVox Media,JP,Yield,DNNY
2021-week_45,AD089WY878,RelayFoods,JP,Qality,DNNQ
2021-week_45,AD089O0A8P,RelayFoods,JP,Qality,DNNQ
2021-week_45,AD07R9NRYH,RelayFoods,JP,Qality,DNNQ
2021-week_45,AD00CXKLVP,RelayFoods,JP,Qality,DNNQ
2021-week_45,AD00FMQX8F,Tab Solutions,JP,Qality,DNNQ
2021-week_45,AD08PXXFP8,RelayFoods,JP,Qality,DNNQ
2021-week_45,AD088VMSXH,RelayFoods,JP,Qality,DNNQ
2021-week_45,AD08XGK888,Tab Solutions,JP,Qality,DNNQ
2021-week_45,AD07MTK98F,VarVee,JP,Yield,ManualQ
2021-week_45,AD07878899,RelayFoods,JP,Qality,DNNQ
2021-week_45,AD007AFP7U,RelayFoods,JP,Qality,DNNQ
2021-week_45,AD08KCXZGX,RelayFoods,JP,Qality,DNNQ
2021-week_45,AD00I9ZN8O,RelayFoods,JP,Qality,DNNQ
2021-week_45,AD07FTSTVZ,RelayFoods,JP,Qality,UserPopQ
2021-week_45,AD07DY8YGS,RelayFoods,JP,Qality,UserPopQ
2021-week_45,AD07XC8YDH,Tab Solutions,JP,Qality,DNNQ
2021-week_45,AD07G8Y8VF,RelayFoods,JP,Qality,DNNQ
2021-week_45,AD07SX9PMR,RelayFoods,JP,Qality,DNNQ
2021-week_45,AD00JE8WVW,RelayFoods,JP,Qality,DNNQ
2021-week_45,AD07GYWPL8,RelayFoods,JP,Qality,DNNQ
2021-week_45,AD008GT078,RelayFoods,JP,Qality,DNNQ
2021-week_45,AD079RVC8J,RelayFoods,JP,Qality,DNNQ
2021-week_45,AD000NNQMM,RelayFoods,JP,Qality,DNNQ
2021-week_45,AD00U79YLS,RelayFoods,JP,Qality,DNNQ
2021-week_45,AD00URAKP8,RelayFoods,JP,Qality,DNNQ
2021-week_45,AD07NT7ZHS,RelayFoods,JP,Qality,DNNQ
2021-week_45,AD0889X6KC,RelayFoods,JP,Qality,DNNQ
2021-week_45,AD00AOLU6W,RelayFoods,JP,Qality,DNNQ
2021-week_45,AD00C9I8WA,Tab Solutions,JP,Qality,UserPopQ
2021-week_45,AD07HRSVV8,RelayFoods,JP,Qality,DNNQ
2021-week_45,AD07MQ8ZZY,iDreamsky Technology,JP,Qality,UserPopQ
2021-week_45,AD088JMZW9,RelayFoods,JP,Qality,DNNQ
2021-week_45,AD08HYD8TK,RelayFoods,JP,Qality,DNNQ
2021-week_45,AD078P8MLZ,RelayFoods,JP,Qality,UserPopQ
2021-week_45,AD08JSX6YJ,RelayFoods,JP,Qality,DNNQ
2021-week_45,AD08688ZL6,RelayFoods,JP,Qality,DNNQ
2021-week_45,AD08Z8DQ88,RelayFoods,JP,Qality,DNNQ
2021-week_45,AD00AYT8K,RelayFoods,JP,Qality,UserPopQ
2021-week_45,AD07ZK8YRW,RelayFoods,JP,Qality,DNNQ
2021-week_45,AD08J86WQ9,RelayFoods,JP,Qality,DNNQ
2021-week_45,AD008RGXGI,RelayFoods,JP,Qality,DNNQ
2021-week_45,AD08J9WGSP,Tab Solutions,JP,Qality,DNNQ
2021-week_45,AD078VL8DC,RelayFoods,JP,Qality,DNNQ
2021-week_45,AD08PKP6QW,RelayFoods,JP,Qality,UserPopQ
2021-week_45,AD07KQVRR8,RelayFoods,JP,Qality,DNNQ
2021-week_45,AD07P88R6L,RelayFoods,JP,Qality,UserPopQ
2021-week_45,AD08KLS8S8,RelayFoods,JP,Qality,DNNQ
2021-week_45,AD07HWPYT8,RelayFoods,JP,Qality,DNNQ
2021-week_45,AD087D7EA9,Tab Solutions,JP,Qality,DNNQ
2021-week_45,AD00QLJCEU,RelayFoods,JP,Qality,UserPopQ
2021-week_45,AD00AM9PY8,RelayFoods,JP,Qality,DNNQ
2021-week_45,AD07HQS88G,RelayFoods,JP,Qality,DNNQ
2021-week_45,AD088THJJR,RelayFoods,JP,Qality,UserPopQ
2021-week_45,AD08FVE96I,RelayFoods,JP,Qality,DNNQ
2021-week_45,AD07KKK8CM,RelayFoods,JP,Qality,DNNQ
2021-week_45,AD07DJFHYT,RelayFoods,JP,Qality,UserPopQ
2021-week_45,AD077X8DYL,RelayFoods,JP,Qality,UserPopQ
2021-week_45,AD88989887,RelayFoods,JP,Qality,UserPopQ
2021-week_45,AD07TVSGJT,Tab Solutions,JP,Qality,ManualQ
2021-week_45,AD008TP6U8,Tab Solutions,JP,Qality,UserPopQ
2021-week_45,AD088WT88Y,RelayFoods,JP,Qality,DNNQ
2021-week_45,AD098TCYSD,MoJoe Brewing Company,JP,Yield,DNNY
2021-week_45,AD07SMK8SW,RelayFoods,JP,Qality,DNNQ
2021-week_45,AD008UUHH8,RelayFoods,JP,Qality,UserPopQ
2021-week_45,AD088I0OLC,RelayFoods,JP,Qality,UserPopQ
2021-week_45,AD07CR8W78,Tab Solutions,JP,Qality,DNNQ
2021-week_45,AD008O6T8S,RelayFoods,JP,Qality,DNNQ
2021-week_45,AD008QP9TN,RelayFoods,JP,Qality,UserPopQ
2021-week_45,AD009IFEND,RelayFoods,JP,Qality,DNNQ
2021-week_45,AD00JM7MKS,RelayFoods,JP,Qality,DNNQ
2021-week_45,AD07X87XH8,RelayFoods,JP,Qality,DNNQ
2021-week_45,AD008DP7CM,RelayFoods,JP,Qality,UserPopQ
2021-week_45,AD00POSUSA,RelayFoods,JP,Qality,DNNQ
2021-week_45,AD00ZOYM8H,RelayFoods,JP,Qality,DNNQ
2021-week_45,AD008RUYQ8,RelayFoods,JP,Qality,UserPopQ
2021-week_45,AD07DS68HM,RelayFoods,JP,Qality,DNNQ
2021-week_45,AD08FTYCZS,VarVee,JP,Yield,UserPopY
2021-week_45,AD00CPNO98,RelayFoods,JP,Qality,DNNQ
2021-week_45,AD07R88QZV,RelayFoods,JP,Qality,DNNQ
2021-week_45,AD00KL88I8,RelayFoods,JP,Qality,DNNQ
2021-week_45,AD07G9Z688,RelayFoods,JP,Qality,UserPopQ
2021-week_45,AD07S98DJV,RelayFoods,JP,Qality,DNNQ
2021-week_45,AD088Q7HM8,RelayFoods,JP,Qality,UserPopQ
2021-week_45,AD078QHX88,RelayFoods,JP,Qality,DNNQ
2021-week_45,AD00GD8NSZ,RelayFoods,JP,Qality,DNNQ
2021-week_45,AD06W9N8ZN,RelayFoods,JP,Qality,DNNQ
2021-week_45,AD008LKDUQ,RelayFoods,JP,Qality,UserPopQ
2021-week_45,AD00F88FFC,RelayFoods,JP,Qality,DNNQ
2021-week_45,AD0000999Y,RelayFoods,JP,Qality,DNNQ
2021-week_45,AD08GYKHH,RelayFoods,JP,Qality,DNNQ
2021-week_45,AD07HRT8ZJ,LocalVox Media,JP,Yield,RuleBasedY
2021-week_45,AD07DGQZXV,LocalVox Media,JP,Yield,DNNY
2021-week_45,AD000TGLTG,RelayFoods,JP,Qality,DNNQ
2021-week_45,AD07VCWT86,RelayFoods,JP,Qality,DNNQ
2021-week_45,AD07WSD8LZ,RelayFoods,JP,Qality,DNNQ
2021-week_45,AD08MSK880,RelayFoods,JP,Qality,DNNQ
2021-week_45,AD079JJYN9,RelayFoods,JP,Qality,DNNQ
2021-week_45,AD088W8YGI,RelayFoods,JP,Qality,DNNQ
2021-week_45,AD07RNQWG9,RelayFoods,JP,Qality,UserPopQ
2021-week_45,AD008XF6IX,RelayFoods,JP,Qality,DNNQ
2021-week_45,AD088SZ9QG,RelayFoods,JP,Qality,DNNQ
2021-week_45,AD00LTLLNL,RelayFoods,JP,Qality,DNNQ
2021-week_45,AD07RRV8GV,RelayFoods,JP,Qality,DNNQ
2021-week_45,AD09GFVK7S,LocalVox Media,JP,Yield,DNNY
2021-week_45,AD00NP807Q,RelayFoods,JP,Qality,DNNQ
2021-week_45,AD09688HM8,RelayFoods,JP,Qality,DNNQ
2021-week_45,AD07G8T88K,RelayFoods,JP,Qality,UserPopQ
2021-week_45,AD09CX86J,LocalVox Media,JP,Yield,DNNY
2021-week_45,AD08LLC87G,RelayFoods,JP,Qality,UserPopQ
2021-week_45,AD008OAVJ8,RelayFoods,JP,Qality,DNNQ
2021-week_45,AD08DSOEJV,RelayFoods,JP,Qality,DNNQ
2021-week_45,AD088FUP88,RelayFoods,JP,Qality,UserPopQ
2021-week_45,AD079Y88VR,RelayFoods,JP,Qality,DNNQ
2021-week_45,AD08N878IG,RelayFoods,JP,Qality,UserPopQ
2021-week_45,AD08AW8W8H,RelayFoods,JP,Qality,UserPopQ
2021-week_45,AD07SXGYPQ,RelayFoods,JP,Qality,DNNQ
2021-week_45,AD07WVJQNZ,LocalVox Media,JP,Yield,UserPopY
2021-week_45,AD00OGNJWA,MoJoe Brewing Company,JP,Yield,UserPopY
2021-week_45,AD088AXQVS,RelayFoods,JP,Qality,DNNQ
2021-week_45,AD008VIC8H,RelayFoods,JP,Qality,UserPopQ
2021-week_45,AD097YPCNS,RelayFoods,JP,Qality,DNNQ
2021-week_45,AD08RD8X8X,RelayFoods,JP,Qality,UserPopQ
2021-week_45,AD008JN8YK,RelayFoods,JP,Qality,DNNQ
2021-week_45,AD008ZHRGP,RelayFoods,JP,Qality,DNNQ
2021-week_45,AD00TTJGS0,RelayFoods,JP,Qality,DNNQ
2021-week_45,AD07TCH679,RelayFoods,JP,Qality,DNNQ
2021-week_45,AD07ZJ8WF8,RelayFoods,JP,Qality,UserPopQ
2021-week_45,AD07PG8KCT,Tab Solutions,JP,Qality,DNNQ
2021-week_45,AD008U88XG,RelayFoods,JP,Qality,DNNQ
2021-week_45,AD07NTLGLN,VarVee,JP,Yield,UserPopY
2021-week_45,AD088H8RQJ,RelayFoods,JP,Qality,UserPopQ
2021-week_45,AD06XCTPXZ,LocalVox Media,JP,Yield,UserPopY
2021-week_45,AD00E7N8AP,Tab Solutions,JP,Qality,UserPopQ
2021-week_45,AD08YNHPL9,RelayFoods,JP,Qality,DNNQ
2021-week_45,AD086NN6ZG,RelayFoods,JP,Qality,DNNQ
2021-week_45,AD07YWFKQK,RelayFoods,JP,Qality,DNNQ
2021-week_45,AD088D8F88,MoJoe Brewing Company,JP,Yield,DNNY
2021-week_45,AD08N887M8,RelayFoods,JP,Qality,DNNQ
2021-week_45,AD00XSEVHA,RelayFoods,JP,Qality,UserPopQ
2021-week_45,AD088688KD,RelayFoods,JP,Qality,DNNQ
2021-week_45,AD0888AANP,RelayFoods,JP,Qality,UserPopQ
2021-week_45,AD08KSYL8L,RelayFoods,JP,Qality,DNNQ
2021-week_45,AD07HXPLY9,LocalVox Media,JP,Yield,DNNY
2021-week_45,AD08887C8Q,RelayFoods,JP,Qality,UserPopQ
2021-week_45,AD0888888,RelayFoods,JP,Qality,DNNQ
2021-week_45,AD089W68RH,RelayFoods,JP,Qality,DNNQ
2021-week_45,AD00DFQHZK,RelayFoods,JP,Qality,UserPopQ
2021-week_45,AD80886076,RelayFoods,JP,Qality,UserPopQ
2021-week_45,AD07JH9786,RelayFoods,JP,Qality,UserPopQ
2021-week_45,AD00UF879V,RelayFoods,JP,Qality,UserPopQ
2021-week_45,AD07GC88X,RelayFoods,JP,Qality,DNNQ
2021-week_45,AD00T8GIL8,RelayFoods,JP,Qality,UserPopQ
2021-week_45,AD07FW879Y,RelayFoods,JP,Qality,DNNQ
2021-week_45,AD08ICMQ7O,RelayFoods,JP,Qality,UserPopQ
2021-week_45,AD00QLIXRL,RelayFoods,JP,Qality,UserPopQ
2021-week_45,AD08YZW88R,Tab Solutions,JP,Qality,DNNQ
2021-week_45,AD007FOXWT,RelayFoods,JP,Qality,DNNQ
2021-week_45,AD07QMSQ8P,RelayFoods,JP,Qality,DNNQ
2021-week_45,AD07JFPQJS,RelayFoods,JP,Qality,DNNQ
2021-week_45,AD000FQN9F,Tab Solutions,JP,Qality,DNNQ
2021-week_45,AD07688HK8,Tab Solutions,JP,Qality,DNNQ
2021-week_45,AD078QP8JF,RelayFoods,JP,Qality,DNNQ
2021-week_45,AD080PDO8N,RelayFoods,JP,Qality,DNNQ
2021-week_45,AD07DM88G7,RelayFoods,JP,Qality,DNNQ
2021-week_45,AD08JXCJTD,G-mode,JP,Qality,DNNQ
2021-week_45,AD00E8P86K,RelayFoods,JP,Qality,DNNQ
2021-week_45,AD08YVXPHQ,RelayFoods,JP,Qality,UserPopQ
2021-week_45,AD0069SA08,VarVee,JP,Yield,UserPopY
2021-week_45,AD08KT9WCG,RelayFoods,JP,Qality,DNNQ
2021-week_45,AD098HWDQH,RelayFoods,JP,Qality,DNNQ
2021-week_45,AD098PNSZC,MoJoe Brewing Company,JP,Yield,DNNY
2021-week_45,AD07GV7JCV,RelayFoods,JP,Qality,DNNQ
2021-week_45,AD08L8JND8,RelayFoods,JP,Qality,DNNQ
2021-week_45,AD00VH86LK,RelayFoods,JP,Qality,DNNQ
2021-week_45,AD08TYVZSR,RelayFoods,JP,Qality,DNNQ
2021-week_45,AD06W8FRV6,RelayFoods,JP,Qality,UserPopQ
2021-week_45,AD07V888Q8,RelayFoods,JP,Qality,DNNQ
2021-week_45,AD078TK69Z,RelayFoods,JP,Qality,DNNQ
2021-week_45,AD09D88WMH,LocalVox Media,JP,Yield,RuleBasedY
2021-week_45,AD08TSRWHV,RelayFoods,JP,Qality,DNNQ
2021-week_45,AD08IE7GQ8,MoJoe Brewing Company,JP,Yield,UserPopY
2021-week_45,AD08K7KX88,RelayFoods,JP,Qality,DNNQ
2021-week_45,AD098GLV8H,RelayFoods,JP,Qality,DNNQ
2021-week_45,AD088TZXMH,RelayFoods,JP,Qality,UserPopQ
2021-week_45,AD08ZDKWHS,RelayFoods,JP,Qality,DNNQ
2021-week_45,AD088768Z8,RelayFoods,JP,Qality,DNNQ
2021-week_45,AD07VRZ6N9,RelayFoods,JP,Qality,DNNQ
2021-week_45,AD00E0GLPO,RelayFoods,JP,Qality,UserPopQ
2021-week_45,AD088MPQP8,RelayFoods,JP,Qality,DNNQ
2021-week_45,AD08KD8W87,RelayFoods,JP,Qality,DNNQ
2021-week_45,AD00KYUXIO,RelayFoods,JP,Qality,DNNQ
2021-week_45,AD08MSAC80,RelayFoods,JP,Qality,UserPopQ
2021-week_45,AD086VOKU8,RelayFoods,JP,Qality,DNNQ
2021-week_45,AD00RWFX9T,RelayFoods,JP,Qality,UserPopQ
2021-week_45,AD08LXCR98,iDreamsky Technology,JP,Qality,UserPopQ
2021-week_45,AD08V89LCT,RelayFoods,JP,Qality,DNNQ
2021-week_45,AD009OZKX0,RelayFoods,JP,Qality,UserPopQ
2021-week_45,AD006XM8IO,MoJoe Brewing Company,JP,Yield,DNNY
2021-week_45,AD07THRT7C,RelayFoods,JP,Qality,DNNQ
2021-week_45,AD00KYA8AF,RelayFoods,JP,Qality,DNNQ
2021-week_45,AD008787AK,RelayFoods,JP,Qality,DNNQ
2021-week_45,AD08XYSP9P,MoJoe Brewing Company,JP,Yield,UserPopY
2021-week_45,AD07NHK8NX,MoJoe Brewing Company,JP,Yield,UserPopY
2021-week_45,AD00HV8888,RelayFoods,JP,Qality,DNNQ
2021-week_45,AD08Q8JHZ8,RelayFoods,JP,Qality,UserPopQ
2021-week_45,AD08V8888Z,Tab Solutions,JP,Qality,DNNQ
2021-week_45,AD08Z8Y8XN,MoJoe Brewing Company,JP,Yield,DNNY
2021-week_45,AD08N806LU,RelayFoods,JP,Qality,DNNQ
2021-week_45,AD07N8N8HX,RelayFoods,JP,Qality,DNNQ
2021-week_45,AD088T8CLO,RelayFoods,JP,Qality,DNNQ
2021-week_45,AD000PC8TY,RelayFoods,JP,Qality,DNNQ
2021-week_45,AD088DLSFM,VarVee,JP,Yield,ManualQ
2021-week_45,AD00IU6O86,RelayFoods,JP,Qality,DNNQ
2021-week_45,AD098H8JCQ,RelayFoods,JP,Qality,DNNQ
2021-week_45,AD0868QH8C,RelayFoods,JP,Qality,DNNQ
2021-week_45,AD00980OTF,RelayFoods,JP,Qality,UserPopQ
2021-week_45,AD08LZY89D,Tab Solutions,JP,Qality,DNNQ
2021-week_45,AD08J68RQ8,RelayFoods,JP,Qality,DNNQ
2021-week_45,AD0888WHWZ,RelayFoods,JP,Qality,DNNQ
2021-week_45,AD07JZ9DCH,RelayFoods,JP,Qality,UserPopQ
2021-week_45,AD07Y88Q8T,RelayFoods,JP,Qality,DNNQ
2021-week_45,AD097W6F99,RelayFoods,JP,Qality,UserPopQ
2021-week_45,AD0008KA8M,RelayFoods,JP,Qality,DNNQ
2021-week_45,AD06Y8D8GP,RelayFoods,JP,Qality,DNNQ
2021-week_45,AD08CHPVCM,RelayFoods,JP,Qality,DNNQ
2021-week_45,AD078F8XSJ,RelayFoods,JP,Qality,DNNQ
2021-week_45,AD07688T68,RelayFoods,JP,Qality,DNNQ
2021-week_45,AD000FQQDT,Tab Solutions,JP,Qality,UserPopQ
2021-week_45,AD0868687J,RelayFoods,JP,Qality,DNNQ
2021-week_45,AD08T87P8M,RelayFoods,JP,Qality,DNNQ
2021-week_45,AD088KKL8Y,RelayFoods,JP,Qality,DNNQ
2021-week_45,AD008JZR88,RelayFoods,JP,Qality,DNNQ
2021-week_45,AD07S6TS8X,RelayFoods,JP,Qality,DNNQ
2021-week_45,AD077YTRF7,RelayFoods,JP,Qality,DNNQ
2021-week_45,AD089F8GKI,RelayFoods,JP,Qality,DNNQ
2021-week_45,AD07H6869N,RelayFoods,JP,Qality,DNNQ
2021-week_45,AD078KJQ88,RelayFoods,JP,Qality,DNNQ
2021-week_45,AD00HS9Q8P,Tab Solutions,JP,Qality,DNNQ
2021-week_45,AD80876067,RelayFoods,JP,Qality,UserPopQ
2021-week_45,AD008VJATI,RelayFoods,JP,Qality,DNNQ
2021-week_45,AD0088YKD7,RelayFoods,JP,Qality,UserPopQ
2021-week_45,AD088NPV8K,RelayFoods,JP,Qality,DNNQ
2021-week_45,AD08FDDL8K,RelayFoods,JP,Qality,UserPopQ
2021-week_45,AD07CSX6JX,RelayFoods,JP,Qality,DNNQ
2021-week_45,AD078XPQTQ,RelayFoods,JP,Qality,DNNQ
2021-week_45,AD07GCDGZR,RelayFoods,JP,Qality,DNNQ
2021-week_45,AD008UNDUN,RelayFoods,JP,Qality,DNNQ
2021-week_45,AD008J8A8W,RelayFoods,JP,Qality,UserPopQ
2021-week_45,AD08FFSYR8,RelayFoods,JP,Qality,DNNQ
2021-week_45,AD0779PJVX,RelayFoods,JP,Qality,DNNQ
2021-week_45,AD07TQM7D8,RelayFoods,JP,Qality,DNNQ
2021-week_45,AD00LO8N8K,iDreamsky Technology,JP,Qality,UserPopQ
2021-week_45,AD008V8H8G,RelayFoods,JP,Qality,DNNQ
2021-week_45,AD08R8R8W8,Tab Solutions,JP,Qality,DNNQ
2021-week_45,AD087WWG9R,Tab Solutions,JP,Qality,DNNQ
2021-week_45,AD07GS8KR8,RelayFoods,JP,Qality,DNNQ
2021-week_45,AD07T899HC,RelayFoods,JP,Qality,DNNQ
2021-week_45,AD079W8W87,RelayFoods,JP,Qality,UserPopQ
2021-week_45,AD008ZX88O,RelayFoods,JP,Qality,DNNQ
2021-week_45,AD08N8ARDW,RelayFoods,JP,Qality,DNNQ
2021-week_45,AD00NG89JM,RelayFoods,JP,Qality,DNNQ
2021-week_45,AD08NK8G88,RelayFoods,JP,Qality,DNNQ
2021-week_45,AD00CU8EFW,RelayFoods,JP,Qality,DNNQ
2021-week_45,AD08CXMSWF,RelayFoods,JP,Qality,DNNQ
2021-week_45,AD06XWMHVS,RelayFoods,JP,Qality,DNNQ
2021-week_45,AD08MYLYPR,RelayFoods,JP,Qality,DNNQ
2021-week_45,AD08888JCH,RelayFoods,JP,Qality,DNNQ
2021-week_45,AD086U8DL8,RelayFoods,JP,Qality,DNNQ
2021-week_45,AD000FQSSF,RelayFoods,JP,Qality,DNNQ
2021-week_45,AD07MDJLLW,RelayFoods,JP,Qality,DNNQ
2021-week_45,AD000FQRKG,Tab Solutions,JP,Qality,DNNQ
2021-week_45,AD00TQ8DAS,RelayFoods,JP,Qality,DNNQ
2021-week_45,AD00KEFSZR,RelayFoods,JP,Qality,DNNQ
2021-week_45,AD08FCLRRT,RelayFoods,JP,Qality,DNNQ
2021-week_45,AD089WMEAG,LocalVox Media,JP,Yield,DNNY
2021-week_45,AD07S8FM9Z,RelayFoods,JP,Qality,DNNQ
2021-week_45,AD08Z8RFG8,LocalVox Media,JP,Yield,RuleBasedY
2021-week_45,AD07R878MN,RelayFoods,JP,Qality,DNNQ
2021-week_45,AD07SWZ8C9,LocalVox Media,JP,Yield,DNNY
2021-week_45,AD07FTKFYK,RelayFoods,JP,Qality,DNNQ
2021-week_45,AD086QSNC8,RelayFoods,JP,Qality,DNNQ
2021-week_45,AD00Q86JYQ,RelayFoods,JP,Qality,DNNQ
2021-week_45,AD00MTDX8P,iDreamsky Technology,JP,Qality,DNNQ
2021-week_45,AD008TH8HU,Tab Solutions,JP,Qality,DNNQ
2021-week_45,AD078HT98H,RelayFoods,JP,Qality,UserPopQ
2021-week_45,AD00888SY8,RelayFoods,JP,Qality,DNNQ
2021-week_45,AD008NX06Z,RelayFoods,JP,Qality,DNNQ
2021-week_45,AD006LXOGW,RelayFoods,JP,Qality,DNNQ
2021-week_45,AD08FTMS88,RelayFoods,JP,Qality,DNNQ
2021-week_45,AD00FLXNM6,RelayFoods,JP,Qality,DNNQ
2021-week_45,AD000AS8YH,RelayFoods,JP,Qality,DNNQ
2021-week_45,AD07DJ88Y9,RelayFoods,JP,Qality,DNNQ
2021-week_45,AD088MCCHK,RelayFoods,JP,Qality,DNNQ
2021-week_45,AD07Z88CS9,RelayFoods,JP,Qality,DNNQ
2021-week_45,AD08JHVU8L,RelayFoods,JP,Qality,DNNQ
2021-week_45,AD08KDTGCV,LocalVox Media,JP,Yield,DNNY
2021-week_45,AD08PJYXR,RelayFoods,JP,Qality,DNNQ
2021-week_45,AD078PVY89,RelayFoods,JP,Qality,DNNQ
2021-week_45,AD08PYL8WC,RelayFoods,JP,Qality,DNNQ
2021-week_45,AD07SMQZ8C,RelayFoods,JP,Qality,DNNQ
2021-week_45,AD089RPM8T,RelayFoods,JP,Qality,UserPopQ
2021-week_45,AD078WC978,RelayFoods,JP,Qality,DNNQ
2021-week_45,AD08LZ6T8O,RelayFoods,JP,Qality,DNNQ
2021-week_45,AD00AZFGLG,RelayFoods,JP,Qality,DNNQ
2021-week_45,AD08DTSDRF,MoJoe Brewing Company,JP,Yield,DNNY
2021-week_45,AD07FSCGW8,RelayFoods,JP,Qality,DNNQ
2021-week_45,AD00ACVOLF,RelayFoods,JP,Qality,DNNQ
2021-week_45,AD088P6PKG,RelayFoods,JP,Qality,DNNQ
2021-week_45,AD07HGQKHG,RelayFoods,JP,Qality,DNNQ
2021-week_45,AD0988DY88,RelayFoods,JP,Qality,DNNQ
2021-week_45,AD09CD8P87,LocalVox Media,JP,Yield,DNNY
2021-week_45,AD08LKQ8MJ,RelayFoods,JP,Qality,DNNQ
2021-week_45,AD008M8F8E,RelayFoods,JP,Qality,UserPopQ
2021-week_45,AD078HFRLT,RelayFoods,JP,Qality,DNNQ
2021-week_45,AD0986ZHZM,RelayFoods,JP,Qality,DNNQ
2021-week_45,AD089RHMSU,RelayFoods,JP,Qality,UserPopQ
